battery_id,cycle_number,soh,degradation_label,P_Healthy,P_Early_Degradation,P_Degraded,risk_score,predicted_class
B0006,1,100.0,Healthy,0.9995641093147892,8.984467062288364e-09,0.00043588170074364437,0.0004358861929771755,Healthy
B0006,2,99.49898508143076,Healthy,0.999625545607338,1.5184841958943475e-08,0.0003744392078198663,0.00037444680024084577,Healthy
B0006,3,98.91854698908898,Healthy,0.999637103468721,2.7639194484895352e-08,0.0003628688920837935,0.00036288271168103596,Healthy
B0006,4,98.91649790372313,Healthy,0.9996184090212265,2.7286697016400157e-08,0.00038156369207663257,0.00038157733542514076,Healthy
B0006,5,98.28975529491258,Healthy,0.9997121163122258,5.884781362101825e-08,0.0002878248399599708,0.0002878542638667813,Healthy
B0006,6,98.9466850557287,Healthy,0.999621888819422,2.578042403053891e-08,0.00037808540015325467,0.00037809829036526997,Healthy
B0006,7,98.907479256665,Healthy,0.99966261625527,2.7981536771774946e-08,0.00033735576319247277,0.00033736975396085866,Healthy
B0006,8,96.73038197560736,Healthy,0.9997636881481229,3.17618432065494e-07,0.00023599423344592918,0.00023615304266196192,Healthy
B0006,9,96.6997408749776,Healthy,0.999751854064277,3.2516473705010397e-07,0.0002478207709855325,0.00024798335335405756,Healthy
B0006,10,96.16246466459876,Healthy,0.9998038521823258,6.399604343033943e-07,0.00019550785723987076,0.00019582783745702246,Healthy
B0006,11,95.59098009149795,Healthy,0.9997927147373754,1.136363590558886e-06,0.00020614889903361876,0.0002067170808288982,Healthy
B0006,12,95.05796547137972,Healthy,0.9997937973431293,1.9575679996683596e-06,0.00020424508887124568,0.00020522387287107987,Healthy
B0006,13,94.49439554578116,Healthy,0.9997880401174027,3.542200196480357e-06,0.00020841768240072,0.00021018878249896017,Healthy
B0006,14,93.93478209204012,Healthy,0.9998051624267641,6.756430423734109e-06,0.00018808114281234432,0.00019145935802421138,Healthy
B0006,15,93.40301690486008,Healthy,0.9998154605680512,1.2791338588805043e-05,0.00017174809335979464,0.00017814376265419717,Healthy
B0006,16,92.81993331989462,Healthy,0.9998061437273202,2.4929054704721985e-05,0.00016892721797549058,0.00018139174532785156,Healthy
B0006,17,92.2833824005014,Healthy,0.9997612938099919,4.013237261363736e-05,0.0001985738173942985,0.0002186400037011172,Healthy
B0006,18,91.75724579573613,Healthy,0.9997353967309358,7.258748954086801e-05,0.00019201577952281858,0.00022830952429325258,Healthy
B0006,19,91.75820589657847,Healthy,0.999733979726376,7.30572232636436e-05,0.00019296305035986682,0.00022949166199168861,Healthy
B0006,20,97.26281070025072,Healthy,0.9998121034808087,1.2441597984632726e-07,0.00018777210321153524,0.0001878343112014584,Healthy
B0006,21,96.17814345585968,Healthy,0.9998305743320913,3.745138234106872e-07,0.00016905115408494083,0.00016923841099664616,Healthy
B0006,22,95.6015859814876,Healthy,0.9998481549919496,7.547269360330555e-07,0.0001510902811136199,0.00015146764458163643,Healthy
B0006,23,94.54186473396278,Healthy,0.9998497256697959,2.3229991441163026e-06,0.0001479513310607192,0.00014911283063277737,Healthy
B0006,24,95.60974757905956,Healthy,0.9998438246058101,6.952071757429673e-07,0.00015548018701399427,0.00015582779060186575,Healthy
B0006,25,93.41978151219875,Healthy,0.9998303927305185,7.834127495947995e-06,0.00016177314198541156,0.00016569020573338556,Healthy
B0006,26,92.3028308415357,Healthy,0.9998422575033862,3.0403125214357424e-05,0.00012733937139902733,0.00014254093400620604,Healthy
B0006,27,91.79342734506018,Healthy,0.9998102669962209,4.777334985547012e-05,0.00014195965392317666,0.0001658463288509117,Healthy
B0006,28,91.19000283836428,Healthy,0.9997565046612961,9.814844765339199e-05,0.000145346891051376,0.000194421114878072,Healthy
B0006,29,90.65816915777204,Healthy,0.9996608354304637,0.00018111460379966642,0.00015804996573654472,0.00024860726763637793,Healthy
B0006,30,91.24918141799353,Healthy,0.9997682008843473,8.86298980181231e-05,0.00014316921763398268,0.00018748416664304422,Healthy
B0006,31,94.56790349742867,Healthy,0.9998394995645309,2.647056355662105e-06,0.00015785337911341187,0.00015917690729124292,Healthy
B0006,32,92.47761948322794,Healthy,0.999816323891935,2.420407778528472e-05,0.00015947203027909774,0.0001715740691717401,Healthy
B0006,33,91.1532659782966,Healthy,0.9997378767740767,0.0001040047816797235,0.00015811844424353872,0.00021012083508340046,Healthy
B0006,34,90.36588818710268,Healthy,0.9995782344032438,0.00025448598145855905,0.0001672796152977811,0.00029452260602706064,Healthy
B0006,35,89.34830346748316,Healthy,0.9990121666537853,0.0007950104943820413,0.00019282285183245756,0.0005903280990234782,Healthy
B0006,36,89.09956824708976,Healthy,0.9987787620310611,0.0010256680070022631,0.0001955699619367516,0.0007084039654378831,Healthy
B0006,37,88.29502550201761,Healthy,0.9973480495114404,0.0024175845093685642,0.00023436597919166134,0.0014431582338759435,Healthy
B0006,38,87.50413873759919,Healthy,0.9940956521899484,0.005623050499697945,0.00028129731035317297,0.0030928225602021454,Healthy
B0006,39,87.01323309187394,Healthy,0.9897907916082088,0.0098756310964465,0.00033357729534516564,0.005271392843568415,Healthy
B0006,40,86.4952945691579,Healthy,0.982906863222283,0.016697345963537207,0.0003957908141803362,0.00874446379594894,Healthy
B0006,41,85.99513842496731,Healthy,0.9747554652700335,0.024832668065236818,0.00041186666472907966,0.012828200697347488,Healthy
B0006,42,85.46456919285944,Healthy,0.9538188364483083,0.04564203905657525,0.000539124495116077,0.023360144023403702,Healthy
B0006,43,86.21059538809914,Healthy,0.9762421212275029,0.023379027509790665,0.00037885126270692103,0.012068365017602254,Healthy
B0006,44,86.76394038945261,Healthy,0.9877995788001491,0.011866001702704113,0.0003344194971470537,0.00626742034849911,Healthy
B0006,45,85.18433254632082,Healthy,0.940211660928113,0.05921753542929146,0.0005708036425955156,0.030179571357241246,Healthy
B0006,46,84.17895486292434,Early Degradation,0.8502093140838135,0.14897254352890438,0.0008181423872822511,0.07530441415173444,Healthy
B0006,47,83.64252637451848,Early Degradation,0.7655822451547224,0.2334815671393831,0.0009361877058951682,0.11767697127558671,Healthy
B0006,48,89.60279954741002,Healthy,0.999357923454292,0.00047385896171378154,0.00016821758399403604,0.00040514706485092684,Healthy
B0006,49,88.83678132914206,Healthy,0.9985636363389281,0.0012354170466939826,0.00020094661437743098,0.0008186551377244223,Healthy
B0006,50,87.246513912519,Healthy,0.9928855874239564,0.0068197646696021175,0.0002946479064414807,0.0037045302412425395,Healthy
B0006,51,85.72243699983238,Healthy,0.9659399707717117,0.033603372868950356,0.0004566563593381905,0.01725834279381337,Healthy
B0006,52,84.95922454210778,Early Degradation,0.928607631694483,0.07074998064530015,0.0006423876602169404,0.03601737798286701,Healthy
B0006,53,83.92262113192731,Early Degradation,0.8148102092908903,0.1842834542793606,0.0009063364297495021,0.09304806356942981,Healthy
B0006,54,83.40608610817466,Early Degradation,0.7241507806800783,0.27485743504502735,0.0009917842748941713,0.13842050179740784,Healthy
B0006,55,82.64297086813447,Early Degradation,0.5469892000828007,0.45183282249474443,0.0011779774224547235,0.22709438866982695,Healthy
B0006,56,82.1228301199745,Early Degradation,0.42375289494438856,0.5751202365630845,0.00112686849252671,0.28868698677406895,Early Degradation
B0006,57,81.59624948921793,Early Degradation,0.2870833182231481,0.7118433141530109,0.0010733676238412837,0.3569950247003468,Early Degradation
B0006,58,81.12271017518528,Early Degradation,0.19095865665702702,0.8080848131004502,0.0009565302425224316,0.40499893679274757,Early Degradation
B0006,59,80.58294274458679,Early Degradation,0.13498420999271152,0.864053772516714,0.0009620174905741955,0.4329889037489312,Early Degradation
B0006,60,80.04568622012263,Early Degradation,0.08375214524912984,0.9154103301847486,0.0008375245661221325,0.4585426896584964,Early Degradation
B0006,61,79.04583678923177,Early Degradation,0.035485767200884664,0.9637697001790151,0.0007445326201002129,0.48262938270960776,Early Degradation
B0006,62,78.78420253146665,Early Degradation,0.025704460860552402,0.9736729250025901,0.0006226141368576539,0.4874590766381527,Early Degradation
B0006,63,78.56049146190021,Early Degradation,0.0199863359401385,0.9794211057338938,0.0005925583259674588,0.49030311119291436,Early Degradation
B0006,64,78.0031440176547,Early Degradation,0.013862719081128317,0.9854735353961903,0.0006637455226813552,0.4934005132207765,Early Degradation
B0006,65,77.77441842886215,Early Degradation,0.011294375973261989,0.9880693167367419,0.0006363072899965055,0.4946709656583675,Early Degradation
B0006,66,76.99644735295674,Early Degradation,0.0054128828446306475,0.9940298611754096,0.0005572559799603559,0.49757218656766516,Early Degradation
B0006,67,76.71182514739364,Early Degradation,0.004096378933160503,0.9953616127909876,0.0005420082758513128,0.4982228146713451,Early Degradation
B0006,68,76.2119854776846,Early Degradation,0.002639317298700192,0.9968052156401565,0.0005554670611432363,0.49895807488122146,Early Degradation
B0006,69,75.69624653118686,Early Degradation,0.0016379011448044354,0.9978325086771868,0.0005295901780092438,0.4994458445166026,Early Degradation
B0006,70,74.94156650980108,Early Degradation,0.0008465810759515547,0.9985997517498757,0.0005536671741732284,0.49985354304911106,Early Degradation
B0006,71,75.17952002501654,Early Degradation,0.0010474290513553602,0.9983909607210794,0.0005616102275647105,0.4997570905881044,Early Degradation
B0006,72,74.90927746753415,Early Degradation,0.0007957877026809284,0.9986540709599702,0.0005501413373482636,0.49987717681733335,Early Degradation
B0006,73,74.41268246400591,Early Degradation,0.0005415113239274634,0.9988306749043764,0.0006278137716954829,0.5000431512238837,Early Degradation
B0006,74,74.15927024943012,Early Degradation,0.000431415916861289,0.998952778896051,0.000615805187087412,0.5000921946351129,Early Degradation
B0006,75,73.89424928579004,Early Degradation,0.0003303206725813023,0.9990530138461982,0.0006166654812203608,0.5001431724043195,Early Degradation
B0006,76,73.37948251946334,Early Degradation,0.00022513187543502913,0.9990763369306209,0.0006985311939435482,0.500236699659254,Early Degradation
B0006,77,73.09019933714036,Early Degradation,0.0001613292797422421,0.9991725965080769,0.0006660742121811921,0.5002523724662197,Early Degradation
B0006,78,75.18593614163545,Early Degradation,0.0009910062588641916,0.9985291698408352,0.0004798239003009042,0.49974440882071847,Early Degradation
B0006,79,73.89810985080334,Early Degradation,0.0003176961239453775,0.9991177016497887,0.0005646022262660001,0.5001234530511603,Early Degradation
B0006,80,73.14557385723607,Early Degradation,0.00015428400235300912,0.9992766072402991,0.0005691087573483066,0.5002074123774979,Early Degradation
B0006,81,72.63060118809538,Early Degradation,0.00010320799246502245,0.9991892299860382,0.0007075620214973416,0.5003021770145164,Early Degradation
B0006,82,72.63954583009604,Early Degradation,0.00010524579170020244,0.9992141859489215,0.0006805682593780059,0.5002876612338387,Early Degradation
B0006,83,72.38184227571321,Early Degradation,9.193723675168343e-05,0.9991629680333128,0.0007450947299347003,0.5003265787465911,Early Degradation
B0006,84,72.10187145326269,Early Degradation,6.775169927022896e-05,0.9991666986150305,0.0007655496856989697,0.5003488989932142,Early Degradation
B0006,85,71.32130179126344,Early Degradation,3.612560690943965e-05,0.9990032575842019,0.0009606168088891619,0.5004622456009902,Early Degradation
B0006,86,71.33577144710262,Early Degradation,3.4176217864931e-05,0.9990348485152379,0.0009309752668969846,0.5004483995245159,Early Degradation
B0006,87,71.10115176336829,Early Degradation,2.7982622118404942e-05,0.9989167781406795,0.0010552392372013629,0.5005136283075411,Early Degradation
B0006,88,71.08667461161282,Early Degradation,2.8303581235536016e-05,0.998947213009135,0.0010244834096286614,0.5004980899141962,Early Degradation
B0006,89,70.8321901683239,Early Degradation,2.4577592306328156e-05,0.998837126342435,0.0011382960652587509,0.5005568592364763,Early Degradation
B0006,90,78.2959380474406,Early Degradation,0.01267554776616194,0.9868766054151257,0.0004478468187124745,0.4938861495262753,Early Degradation
B0006,91,75.9770882494014,Early Degradation,0.0021194032937469592,0.997372001872553,0.0005085948336997741,0.49919459576997627,Early Degradation
B0006,92,74.42036144029748,Early Degradation,0.0005477203308352173,0.998898209011131,0.0005540706580342657,0.5000031751635998,Early Degradation
B0006,93,73.64766488653811,Early Degradation,0.00026319413453469297,0.9991434800174235,0.0005933258480417908,0.5001650658567536,Early Degradation
B0006,94,72.86806282628963,Early Degradation,0.0001353705884923127,0.999145123834572,0.0007195055769359839,0.500292067494222,Early Degradation
B0006,95,72.36963976177928,Early Degradation,8.94484699179696e-05,0.9991704658667278,0.0007400856633536115,0.5003253185967175,Early Degradation
B0006,96,71.86819749578868,Early Degradation,5.886976871493025e-05,0.9990647425378428,0.0008763876934420144,0.5004087589623635,Early Degradation
B0006,97,71.33148203630158,Early Degradation,3.738735236735008e-05,0.9989680156524461,0.0009945969951864692,0.5004786048214095,Early Degradation
B0006,98,71.08732579778997,Early Degradation,3.037979995487051e-05,0.9988860209720565,0.001083599227988107,0.5005266097140163,Early Degradation
B0006,99,70.81775553094546,Early Degradation,2.4213164754663725e-05,0.9987816999760307,0.0011940868592141382,0.5005849368472295,Early Degradation
B0006,100,70.31810109956534,Early Degradation,1.653647758913019e-05,0.9986004410029302,0.0013830225194802366,0.5006832430209454,Early Degradation
B0006,101,70.06330174681324,Early Degradation,1.3158230218636908e-05,0.9984846063411639,0.0015022354286174026,0.5007445385991993,Early Degradation
B0006,102,69.79125508434085,Degraded,1.101930248147627e-05,0.9981996101513665,0.0017893705461517393,0.500889175621835,Early Degradation
B0006,103,69.80171885557206,Degraded,9.770106459886804e-06,0.9984510605355588,0.0015391693579809465,0.5007646996257603,Early Degradation
B0006,104,71.35208482113887,Early Degradation,4.03358871542515e-05,0.998940612234986,0.001019051877859911,0.5004893579953529,Early Degradation
B0006,105,70.33514435633658,Early Degradation,1.6890112323890856e-05,0.9985580967847151,0.0014250131029608269,0.5007040614953183,Early Degradation
B0006,106,69.52241030736464,Degraded,8.516455032916682e-06,0.9981670346771264,0.0018244488678407457,0.500907966206404,Early Degradation
B0006,107,69.26276785146193,Degraded,7.021625930960906e-06,0.997867504395755,0.0021254739783147054,0.5010592261761923,Early Degradation
B0006,108,69.02625512041874,Degraded,5.537821411240862e-06,0.9976223940369421,0.0023720681416469066,0.5011832651601179,Early Degradation
B0006,109,68.54707065486149,Degraded,4.1004924466381714e-06,0.996853808077531,0.003142091430023071,0.5015689954687885,Early Degradation
B0006,110,68.51612181802287,Degraded,4.057461984924727e-06,0.996913838062944,0.0030821044750711313,0.5015390235065431,Early Degradation
B0006,111,68.25978766720687,Degraded,3.151689528110739e-06,0.9966355704386864,0.00336127787178522,0.5016790630911284,Early Degradation
B0006,112,67.99058560840852,Degraded,2.4884245495254846e-06,0.9962230707061437,0.003774440869306595,0.5018859762223784,Early Degradation
B0006,113,67.4915763306282,Degraded,1.770167299302152e-06,0.995210436429824,0.004787793402876988,0.5023930116177889,Early Degradation
B0006,114,67.73352957654757,Degraded,2.1724745913176062e-06,0.9956245524402533,0.0043732750851558375,0.5021855513052825,Early Degradation
B0006,115,67.49543839713218,Degraded,1.7956945189795644e-06,0.9950075956843429,0.004990608621137417,0.5024944064633089,Early Degradation
B0006,116,67.22511609085237,Degraded,1.4210018565469734e-06,0.994274399311009,0.005724179687134768,0.5028613793426393,Early Degradation
B0006,117,66.98163536881292,Degraded,1.1316334471026803e-06,0.9935332411190765,0.00646562724747644,0.5032322478070147,Early Degradation
B0006,118,66.72586503678075,Degraded,1.01563010816768e-06,0.9920545838059649,0.007944400563926958,0.5039716924669094,Early Degradation
B0006,119,66.48867966571198,Degraded,8.389026444038427e-07,0.9911278022425314,0.008871358854824592,0.5044352599760903,Early Degradation
B0006,120,68.00643686533974,Degraded,2.8260681509433044e-06,0.9957363227411343,0.004260851190714451,0.5021290125612816,Early Degradation
B0006,121,69.03752897183544,Degraded,6.1584559592064656e-06,0.9975821600691439,0.002411681474896617,0.5012027615094685,Early Degradation
B0006,122,67.7390831241008,Degraded,2.1369623182782147e-06,0.9955500588716233,0.0044478041660579596,0.5022228336018696,Early Degradation
B0006,123,67.22549538545536,Degraded,1.428686234436869e-06,0.9939392878351146,0.0060592834786505215,0.5030289273962079,Early Degradation
B0006,124,66.68746922672389,Degraded,9.319112288331408e-07,0.9923018512224338,0.007697216866337274,0.5038481424775542,Early Degradation
B0006,125,66.45057163278422,Degraded,7.932931237950068e-07,0.9905728853302701,0.009426321376606263,0.5047127640417414,Early Degradation
B0006,126,66.20080723318286,Degraded,6.441703991377264e-07,0.9893057037120786,0.010693652117522266,0.5053465039735615,Early Degradation
B0006,127,65.6897174696045,Degraded,4.4488025561555115e-07,0.9851428055137195,0.014856749606024951,0.5074281523628846,Early Degradation
B0006,128,65.40611751852576,Degraded,3.4537507123430265e-07,0.9819448940265194,0.018054760598409315,0.509027207611669,Early Degradation
B0006,129,65.14547680110712,Degraded,2.9919899024594816e-07,0.9777553218219976,0.022244378979011527,0.5111220398900104,Early Degradation
B0006,130,64.93167274597319,Degraded,2.4127660208055364e-07,0.9756795195720013,0.024320239151396382,0.512159998937397,Early Degradation
B0006,131,64.91429627717592,Degraded,2.4281857037235627e-07,0.9741478006551166,0.025851956526312787,0.5129258568538712,Early Degradation
B0006,132,64.64031008911138,Degraded,2.0505705980058098e-07,0.96823019179693,0.031769603146010524,0.5158846990444755,Early Degradation
B0006,133,64.8984510278524,Degraded,2.672612545326564e-07,0.9704826443572699,0.02951708838147516,0.5147584105601102,Early Degradation
B0006,134,66.20193537828118,Degraded,7.574744876973071e-07,0.9866081792510829,0.013391063274428948,0.5066951528999704,Early Degradation
B0006,135,65.14952669744675,Degraded,3.506163863782453e-07,0.9716340464237437,0.028365602959869955,0.5141826261717418,Early Degradation
B0006,136,64.3686179763337,Degraded,1.8945716506558877e-07,0.9536169366539514,0.04638287388888324,0.523191342215859,Early Degradation
B0006,137,64.12775001365068,Degraded,1.5646275288520442e-07,0.9432251353147024,0.05677470822254536,0.5283872758798965,Early Degradation
B0006,138,63.89142523000749,Degraded,1.3165132334964032e-07,0.9372513932086489,0.06274847514002792,0.5313741717443524,Early Degradation
B0006,139,63.88305024124815,Degraded,1.4181664260864135e-07,0.9330374743934613,0.06696238378989759,0.5334811209866283,Early Degradation
B0006,140,63.35591097744969,Degraded,8.922904270828432e-08,0.9046296507827207,0.09537025998823756,0.5476850853795979,Early Degradation
B0006,141,62.85213141239902,Degraded,5.953624268559525e-08,0.8583855157547753,0.141614424708982,0.5708071825863696,Early Degradation
B0006,142,62.84990867482796,Degraded,5.896715721373428e-08,0.8558231229054378,0.1441768181274057,0.5720883795801246,Early Degradation
B0006,143,62.59584486293798,Degraded,4.87176590814563e-08,0.8312297705510406,0.16877018073130007,0.5843850660068204,Early Degradation
B0006,144,62.600297755550194,Degraded,4.991371523551977e-08,0.8283589070234638,0.1716410430628202,0.5858204965745522,Early Degradation
B0006,145,62.091121798604966,Degraded,3.121207992179741e-08,0.7493468420224885,0.25065312676543255,0.6253265477766767,Early Degradation
B0006,146,61.8146775481072,Degraded,2.393584664086941e-08,0.6986078752162174,0.30139210084793616,0.6506960384560448,Early Degradation
B0006,147,61.57503647520722,Degraded,1.7591672734430747e-08,0.6687198025645419,0.33128017984378433,0.6656400811260552,Early Degradation
B0006,148,61.573634619019614,Degraded,1.8549385770364068e-08,0.6697163405805182,0.33028364087009643,0.6651418111603555,Early Degradation
B0006,149,61.32090821428379,Degraded,1.470259357923348e-08,0.5937796961589019,0.40622028913850566,0.7031101372179567,Early Degradation
B0006,150,61.58366228941904,Degraded,1.8045491778306025e-08,0.6654125794770575,0.3345874024774508,0.6672936922159796,Early Degradation
B0006,151,63.37056235911393,Degraded,8.564244759680627e-08,0.9138992043458865,0.08610071001166557,0.5430503121846088,Early Degradation
B0006,152,62.080129004624105,Degraded,2.9393781467447187e-08,0.7770691267202954,0.22293084388592227,0.6114654072460699,Early Degradation
B0006,153,61.315438588627366,Degraded,1.4267465794102441e-08,0.6236748565896411,0.37632512914289185,0.6881625574377124,Early Degradation
B0006,154,60.53640895934027,Degraded,5.834218905312242e-09,0.44088430174648946,0.5591156924192919,0.7795578432925366,Degraded
B0006,155,60.29042906907026,Degraded,4.179581589138662e-09,0.3947128691295443,0.6052871266908748,0.802643561255647,Degraded
B0006,156,60.02639382954212,Degraded,3.0107082132918843e-09,0.3179786909688864,0.6820213060204063,0.8410106515048495,Degraded
B0006,157,59.50377393250057,Degraded,1.4426546518577656e-09,0.21668027914984778,0.7833197194074976,0.8916598589824214,Degraded
B0006,158,59.23420182680926,Degraded,9.361655119220701e-10,0.17182925392738996,0.8281707451364452,0.9140853721001402,Degraded
B0006,159,59.002183793913154,Degraded,6.689081074368055e-10,0.14173492260629658,0.8582650767247958,0.929132538027944,Degraded
B0006,160,58.49596665522202,Degraded,2.7708671788843086e-10,0.08035474661488783,0.9196452531080251,0.959822626415469,Degraded
B0006,161,58.23010670462684,Degraded,1.7149608447109442e-10,0.059841718438472476,0.940158281390031,0.9700791406092673,Degraded
B0006,162,57.95946024028492,Degraded,1.1332537712177733e-10,0.04417894188807016,0.9558210579986051,0.9779105289426402,Degraded
B0006,163,57.71009629390572,Degraded,7.555675416337282e-11,0.03430284993378881,0.965697149990654,0.9828485749575484,Degraded
B0006,164,56.68928519254556,Degraded,1.143651422678671e-11,0.00925760179630213,0.9907423981922606,0.9953711990904117,Degraded
B0006,165,57.20922960804411,Degraded,2.8979002082806332e-11,0.017721826073817885,0.9822781738972024,0.9911390869341113,Degraded
B0006,166,56.93392093343496,Degraded,1.844560680383852e-11,0.013776993547714098,0.9862230064338405,0.9931115032076976,Degraded
B0006,167,57.72874675283711,Degraded,7.445148552143646e-11,0.026541826054500853,0.9734581738710469,0.9867290868982974,Degraded
B0006,168,58.254475229690506,Degraded,1.8522603715615047e-10,0.04769898794672804,0.9523010118680456,0.9761505058414096,Degraded
B0033,1,3.6297418884788826,Degraded,7.449134146663834e-85,1.938271871889556e-72,1.0,1.0,Degraded
B0033,2,36.57923754266503,Degraded,1.463043283074919e-34,3.261735473318889e-22,1.0,1.0,Degraded
B0033,3,61.59143164660959,Degraded,1.7661792502469213e-11,0.8900816873469909,0.10991831263534721,0.5549591563088426,Early Degradation
B0033,4,66.46398635710284,Degraded,1.5076939531957371e-10,0.999372268283167,0.000627731566062702,0.5003138657076462,Early Degradation
B0033,5,69.11517897721441,Degraded,4.60077528093928e-10,0.9999279336177558,7.206592216765541e-05,0.5000360327310456,Early Degradation
B0033,6,70.12090359131436,Early Degradation,6.764815300389117e-10,0.9999615569468834,3.844237663488189e-05,0.5000192208500766,Early Degradation
B0033,7,68.34873408109668,Degraded,7.638285021247528e-11,0.9999154182339248,8.458168969307336e-05,0.5000422908066555,Early Degradation
B0033,8,90.87755667591044,Healthy,0.07418295095843258,0.9249979101200902,0.0008191389214785743,0.4633180939815237,Early Degradation
B0033,9,87.85005508086917,Healthy,0.012026482572378608,0.9878262777062691,0.00014723972135235878,0.49406037857448687,Early Degradation
B0033,10,85.92091771208071,Healthy,0.002323361551130908,0.9976207198106022,5.591863826706468e-05,0.49886627854356813,Early Degradation
B0033,11,85.12129961702033,Healthy,0.0011085685105036173,0.9988531550711826,3.827641831404686e-05,0.49946485395390533,Early Degradation
B0033,12,86.23072187396129,Healthy,0.0061982176181544744,0.9937012162339859,0.00010056614786107364,0.496951174264854,Early Degradation
B0033,13,84.34899197167715,Early Degradation,0.0011718574290052362,0.998780046524952,4.8096046043049664e-05,0.49943811930851906,Early Degradation
B0033,14,83.49194691372581,Early Degradation,0.000539347620646378,0.9994232684669975,3.738391235549226e-05,0.4997490181458542,Early Degradation
B0033,15,83.34289196007167,Early Degradation,0.0006149562303420706,0.999345724400758,3.9319368900032484e-05,0.49971218156927905,Early Degradation
B0033,16,84.33169271276513,Early Degradation,0.001830905792691562,0.9981094815821276,5.9612625179655736e-05,0.4991143534162435,Early Degradation
B0033,17,86.23962838431743,Healthy,0.023559138542383458,0.9762738461486674,0.00016701530894962352,0.48830393838328334,Early Degradation
B0033,18,87.65134071811423,Healthy,0.11889922211708275,0.8807270769222169,0.00037370096069986664,0.4407372394218083,Early Degradation
B0033,19,85.63722220101332,Healthy,0.01270291632525343,0.9871681743111692,0.0001289093635770043,0.4937129965191616,Early Degradation
B0033,20,84.18337051130555,Early Degradation,0.0026228358543940854,0.9973130389442567,6.412520134961553e-05,0.498720644673478,Early Degradation
B0033,21,83.9107660255403,Early Degradation,0.0018799951537230835,0.9980620878625486,5.791698372904389e-05,0.4990889609150033,Early Degradation
B0033,22,89.75337577482033,Healthy,0.5022098387101286,0.4971404925508879,0.000649668738983484,0.24921991501442742,Healthy
B0033,23,89.53967492297717,Healthy,0.286112451467828,0.713284598601126,0.000602949931047321,0.35724524923161033,Early Degradation
B0033,24,87.98403042770676,Healthy,0.05518507183208042,0.9445677694825118,0.0002471586854075888,0.47253104342666347,Early Degradation
B0033,25,87.10322603243435,Healthy,0.021946322013125946,0.9779091193000574,0.0001445586868164007,0.4890991183368451,Early Degradation
B0033,26,86.89969611841376,Healthy,0.019651611418439678,0.9802153721227487,0.00013301645881158574,0.4902407025201859,Early Degradation
B0033,27,87.1176200555725,Healthy,0.022970848810396752,0.9768783901523037,0.00015076103730107257,0.4885899561134529,Early Degradation
B0033,28,87.59406343182215,Healthy,0.04506871118256751,0.9547268216103729,0.0002044672070598501,0.4775678780122463,Early Degradation
B0033,29,86.60660654299852,Healthy,0.016342494590919115,0.9835384094544182,0.00011909595466364315,0.4918883006818727,Early Degradation
B0033,30,86.25824419158009,Healthy,0.008209376808579114,0.991700023912736,9.05992786833774e-05,0.4959406112350514,Early Degradation
B0033,31,85.29494633845688,Healthy,0.0036130827901082758,0.9963290037582514,5.791345164097497e-05,0.49822241533076667,Early Degradation
B0033,32,85.53932154098831,Healthy,0.004276390882880185,0.9956584593878055,6.514972931497454e-05,0.49789437942321774,Early Degradation
B0033,33,86.03277585044624,Healthy,0.00926081918117626,0.9906534041882232,8.577663060006097e-05,0.49541247872471167,Early Degradation
B0033,34,85.64584897334385,Healthy,0.006141846301008903,0.9937869731162033,7.118058278876627e-05,0.49696466714089044,Early Degradation
B0033,35,84.63009367279038,Early Degradation,0.0017123944739315675,0.9982465365903461,4.106893572199099e-05,0.49916433723089504,Early Degradation
B0033,36,84.22314308515489,Early Degradation,0.0012166416822999104,0.9987484644448471,3.48938728528127e-05,0.4994091260952764,Early Degradation
B0033,37,83.87620629048449,Early Degradation,0.0009011507073904311,0.99906812522285,3.072406975954553e-05,0.4995647866811846,Early Degradation
B0033,38,85.55556167744672,Healthy,0.007615195843243715,0.9923113240140412,7.348014271535574e-05,0.49622914214973596,Early Degradation
B0033,39,85.93451506071428,Healthy,0.013110357535134155,0.9867974225174062,9.221994745847305e-05,0.49349093120616155,Early Degradation
B0033,40,85.40151077386693,Healthy,0.0062724056534006435,0.9936598659597342,6.772838686607037e-05,0.4968976613667332,Early Degradation
B0033,41,83.65944236283953,Early Degradation,0.0007404675918570125,0.9992311209686306,2.841143951259381e-05,0.4996439719238279,Early Degradation
B0033,42,83.32854668725858,Early Degradation,0.00041337761765333384,0.9995626391904214,2.3983191925115737e-05,0.4998053027871358,Early Degradation
B0033,43,86.26192155031744,Healthy,0.015677664622456917,0.9842232542124351,9.90811651079549e-05,0.49221070827132546,Early Degradation
B0033,44,86.72103131985124,Healthy,0.02368066099569812,0.9761911123140253,0.00012822669027511016,0.4882237828472878,Early Degradation
B0033,45,85.49525331891596,Healthy,0.006002736117079208,0.9939304861162187,6.677776670104178e-05,0.4970320208248104,Early Degradation
B0033,46,100.0,Healthy,0.9985134738883977,3.824179333479662e-05,0.0014482843182667988,0.0014674052149341971,Healthy
B0033,47,87.97731941612588,Healthy,0.09247628310138312,0.9072554926273751,0.00026822427124159614,0.4538959705849292,Early Degradation
B0033,48,86.15748432507472,Healthy,0.009928404183898603,0.9899836292803496,8.796653575219602e-05,0.495079781175927,Early Degradation
B0033,49,85.0956403353356,Healthy,0.0030443714543792097,0.9969065187423153,4.910980330456056e-05,0.4985023691744622,Early Degradation
B0033,50,85.29878571918404,Healthy,0.0042878003597194994,0.9956564113544935,5.5788285788120384e-05,0.49788399396303484,Early Degradation
B0033,51,86.23630432041817,Healthy,0.01614792280921544,0.9837514141811968,0.00010066300958806409,0.49197637010018647,Early Degradation
B0033,52,85.80968098168995,Healthy,0.00898738680629626,0.9909370412523371,7.557194136594651e-05,0.49554409256753446,Early Degradation
B0033,53,84.73211564597317,Early Degradation,0.0022875921530436886,0.9976702123215011,4.2195525454658204e-05,0.4988773016862052,Early Degradation
B0033,54,84.21576550674133,Early Degradation,0.001266775137726825,0.9987004876056864,3.273725658709725e-05,0.4993829810594303,Early Degradation
B0033,55,83.8268170564624,Early Degradation,0.0009740363267892534,0.9989949274359293,3.103623728184021e-05,0.4995284999552465,Early Degradation
B0033,56,83.97447339479446,Early Degradation,0.0010484983560706703,0.9989215652279375,2.9936415991903423e-05,0.4994907190299607,Early Degradation
B0033,57,85.01828717083951,Healthy,0.0037071319028963846,0.9962438379173966,4.903017970792763e-05,0.4981709491384062,Early Degradation
B0033,58,84.5067619282119,Early Degradation,0.0020595404082131797,0.9979024457073499,3.8013884436747855e-05,0.4989892367381117,Early Degradation
B0033,59,81.95087522456839,Early Degradation,9.548169103616137e-05,0.9998913683487984,1.3149960165612617e-05,0.4999588341345648,Early Degradation
B0033,60,81.4379153878409,Early Degradation,4.9946627181727925e-05,0.9999389487716845,1.110460113343125e-05,0.4999805789869757,Early Degradation
B0033,61,80.9100434926987,Early Degradation,2.7173558101053062e-05,0.999963410392096,9.416049803107294e-06,0.4999911212458511,Early Degradation
B0033,62,82.53758661184428,Early Degradation,0.00018766212259442081,0.9997968809061861,1.5456971219500652e-05,0.4999138974243126,Early Degradation
B0033,63,83.00724629224266,Early Degradation,0.00042329798617360214,0.999557043548033,1.9658465793569335e-05,0.49979818023981004,Early Degradation
B0033,64,82.32077756908205,Early Degradation,0.00015806971137578583,0.9998275789701175,1.4351318506584368e-05,0.49992814080356535,Early Degradation
B0033,65,80.33646933177077,Early Degradation,1.4683842682343875e-05,0.9999773809490581,7.935208259717642e-06,0.49999662568278874,Early Degradation
B0033,66,79.84518308985726,Early Degradation,8.079536633290129e-06,0.9999849345604975,6.985902868666109e-06,0.49999945318311745,Early Degradation
B0033,67,85.18326623642207,Healthy,0.0025690320709791416,0.997391638072471,3.9329856550022285e-05,0.49873514889278553,Early Degradation
B0033,68,86.19520953774924,Healthy,0.006918176134823259,0.9930167292095835,6.509465559350109e-05,0.49657345926038526,Early Degradation
B0033,69,84.3324626656368,Early Degradation,0.0008961654990879831,0.9990785850918016,2.5249409109437982e-05,0.4995645419550102,Early Degradation
B0033,70,82.49989258109308,Early Degradation,8.813812746746725e-05,0.9999004290285395,1.1432843992587202e-05,0.4999616473582623,Early Degradation
B0033,71,81.67861621980178,Early Degradation,3.5697823679700564e-05,0.9999556510651586,8.651111161303756e-06,0.49998647664374063,Early Degradation
B0033,72,81.12486405912705,Early Degradation,1.7933212425396046e-05,0.9999745341498937,7.53263768151285e-06,0.49999479971262833,Early Degradation
B0033,73,82.09896421653406,Early Degradation,6.328116705255142e-05,0.9999266866662954,1.0032166651837795e-05,0.49997337549979953,Early Degradation
B0033,74,83.0703264875621,Early Degradation,0.00021401526354291933,0.9997721047081944,1.3880028262346787e-05,0.4998999323823596,Early Degradation
B0033,75,81.77775370416586,Early Degradation,3.967162680357329e-05,0.9999517874191797,8.540954016973216e-06,0.4999844346636068,Early Degradation
B0033,76,80.50280186924536,Early Degradation,6.938390409821794e-06,0.9999872624666373,5.799142953108274e-06,0.49999943037627176,Early Degradation
B0033,77,79.96860012174307,Early Degradation,3.739638145039218e-06,0.9999911617031033,5.098658751318374e-06,0.500000679510303,Early Degradation
B0033,78,79.3305903763379,Early Degradation,1.4809613025866215e-06,0.9999942512465068,4.2677921905387425e-06,0.5000013934154439,Early Degradation
B0033,79,79.5570485975872,Early Degradation,2.461089158702281e-06,0.9999929133256069,4.625585233612756e-06,0.5000010822480371,Early Degradation
B0033,80,79.07617186909152,Early Degradation,1.3443950829424202e-06,0.9999944395670989,4.216037818047928e-06,0.5000014358213675,Early Degradation
B0033,81,78.51405248698924,Early Degradation,7.5467484475437e-07,0.9999952811872624,3.964137892979984e-06,0.5000016047315242,Early Degradation
B0033,82,77.85146022493436,Early Degradation,4.930447646514498e-07,0.999995397543511,4.109411724014163e-06,0.5000018081834795,Early Degradation
B0033,83,78.1364628824326,Early Degradation,6.185894146533772e-07,0.9999954271225819,3.954288003003802e-06,0.500001667849294,Early Degradation
B0033,84,78.20570784094458,Early Degradation,5.769976360213541e-07,0.9999956182588945,3.8047434696185215e-06,0.5000016138729169,Early Degradation
B0033,85,77.63434805255356,Early Degradation,3.1836596521633686e-07,0.9999955625093435,4.119124691110147e-06,0.5000019003793629,Early Degradation
B0033,86,77.06109026738113,Early Degradation,1.976702434129253e-07,0.9999960201970786,3.782132678455736e-06,0.5000017922312178,Early Degradation
B0033,87,77.22133387803176,Early Degradation,1.8234854525880817e-07,0.9999962807824129,3.536869042329925e-06,0.5000016772602488,Early Degradation
B0033,88,77.43403503200497,Early Degradation,2.2889327132495004e-07,0.9999963396970383,3.431409689980097e-06,0.5000016012582091,Early Degradation
B0033,89,76.84900715789524,Early Degradation,1.2227712127046947e-07,0.9999961017004635,3.776022414608105e-06,0.5000018268726464,Early Degradation
B0033,90,77.80195868990296,Early Degradation,3.2924684277010096e-07,0.9999959886369667,3.6821161903619413e-06,0.5000016764346737,Early Degradation
B0033,91,77.92259877270602,Early Degradation,5.266585677881322e-07,0.9999955437336701,3.929607761979617e-06,0.500001701474597,Early Degradation
B0033,92,78.03751741939915,Early Degradation,6.088261864822298e-07,0.9999958097372619,3.5814365521121478e-06,0.500001486305183,Early Degradation
B0033,93,76.77419745858678,Early Degradation,7.989740190542039e-08,0.9999966661204295,3.2539821686405964e-06,0.5000015870423834,Early Degradation
B0033,94,75.35416078780038,Early Degradation,2.013579980131112e-08,0.9999962740493162,3.7058148841355557e-06,0.5000018428395423,Early Degradation
B0033,95,75.54592661949611,Early Degradation,2.7914487384398524e-08,0.9999964616936418,3.510391870424241e-06,0.5000017412386913,Early Degradation
B0033,96,76.45489875470565,Early Degradation,6.730412479475712e-08,0.9999964545357476,3.4781601272003448e-06,0.500001705428001,Early Degradation
B0033,97,76.64663678105018,Early Degradation,1.4909822357963284e-07,0.9999960525799629,3.798321813280239e-06,0.5000018246117948,Early Degradation
B0033,98,77.13090297689217,Early Degradation,1.359930408802136e-07,0.9999966436898622,3.220317096248882e-06,0.5000015421620273,Early Degradation
B0033,99,75.46404598525801,Early Degradation,2.5712352925640274e-08,0.9999962293000905,3.7449875560880244e-06,0.5000018596376014,Early Degradation
B0033,100,74.80594690261113,Early Degradation,1.521057591635589e-08,0.9999959342143673,4.050575056743486e-06,0.5000020176822404,Early Degradation
B0033,101,75.03357853336206,Early Degradation,1.725415947510265e-08,0.9999961273847419,3.855361098018719e-06,0.5000019190534689,Early Degradation
B0033,102,75.92857315047095,Early Degradation,5.3784070439988806e-08,0.9999959148790817,4.031336847254088e-06,0.5000019887763881,Early Degradation
B0033,103,76.99763374482976,Early Degradation,1.928467634018109e-07,0.9999961561074019,3.6510458343944576e-06,0.5000017290995353,Early Degradation
B0033,104,75.48710161927956,Early Degradation,3.84154354086537e-08,0.9999958934021549,4.0681824094828845e-06,0.500002014883487,Early Degradation
B0033,105,74.06869359091759,Early Degradation,1.0432656769212028e-08,0.9999950875017949,4.902065548006781e-06,0.5000024458164455,Early Degradation
B0033,106,74.15395922843373,Early Degradation,8.235329969146874e-09,0.9999954258477942,4.565916875376309e-06,0.5000022788407725,Early Degradation
B0033,107,74.32522940882632,Early Degradation,8.393374648336506e-09,0.9999955386364351,4.452970190236839e-06,0.5000022222884077,Early Degradation
B0033,108,76.21621733128508,Early Degradation,7.439015318067837e-08,0.9999964220113843,3.5035984624671754e-06,0.5000017146041547,Early Degradation
B0033,109,76.22778989298877,Early Degradation,9.459743324565105e-08,0.9999963133911544,3.5920114123619007e-06,0.5000017487069895,Early Degradation
B0033,110,74.81435868370357,Early Degradation,1.7734441627840984e-08,0.9999957103811326,4.271884425205881e-06,0.5000021270749915,Early Degradation
B0033,111,73.34379798488281,Early Degradation,4.651407922902778e-09,0.9999947703715809,5.224977011541458e-06,0.500002610162802,Early Degradation
B0033,112,72.67047724769749,Early Degradation,1.612498546541566e-09,0.9999940809911808,5.917396319998941e-06,0.5000029578919104,Early Degradation
B0033,113,73.13052656496414,Early Degradation,1.9713525980259974e-09,0.999995070916856,4.927111791417843e-06,0.5000024625702194,Early Degradation
B0033,114,95.67437026931768,Healthy,0.43143501091220643,0.5595322148859317,0.009032774201862045,0.2887988816448279,Early Degradation
B0033,115,75.50857234596477,Early Degradation,8.655344330327299e-08,0.999995082207027,4.831239529922326e-06,0.5000023723430435,Early Degradation
B0033,116,73.97860443006375,Early Degradation,1.8864251456972366e-08,0.9999941249222443,5.856213503766476e-06,0.5000029186746259,Early Degradation
B0033,117,74.06141044689089,Early Degradation,1.2145953828225348e-08,0.9999946817113946,5.306142651694674e-06,0.500002646998349,Early Degradation
B0033,118,73.46767261005951,Early Degradation,4.910806140914808e-09,0.9999943657079466,5.6293812470728526e-06,0.5000028122352204,Early Degradation
B0033,119,72.75381937608759,Early Degradation,3.219637049580411e-09,0.9999932436226242,6.753157738664641e-06,0.5000033749690508,Early Degradation
B0033,120,72.23263978869554,Early Degradation,2.202255882073559e-09,0.9999924121366565,7.585661087322396e-06,0.5000037917294156,Early Degradation
B0033,121,73.18448559276372,Early Degradation,3.452713832892007e-09,0.9999947527861072,5.243761178761056e-06,0.5000026201542324,Early Degradation
B0033,122,72.36765720309376,Early Degradation,1.5547595137317728e-09,0.9999928761245155,7.1223207252223335e-06,0.500003560382983,Early Degradation
B0033,123,71.17992988436657,Early Degradation,7.400995451811748e-10,0.9999887684855401,1.1230774360844118e-05,0.5000056150171309,Early Degradation
B0033,124,71.8896977087548,Early Degradation,1.2365298945036878e-09,0.9999912591706994,8.739592770802105e-06,0.5000043691781205,Early Degradation
B0033,125,71.10272476040012,Early Degradation,5.299180511511926e-10,0.9999893492022356,1.0650267844848141e-05,0.5000053248689627,Early Degradation
B0033,126,72.11176723477742,Early Degradation,1.1939839378010857e-09,0.9999922715756412,7.727230374378393e-06,0.500003863018195,Early Degradation
B0033,127,71.38514724639762,Early Degradation,8.607856081637825e-10,0.9999897383668334,1.02607723815082e-05,0.5000051299557982,Early Degradation
B0033,128,71.49394849006939,Early Degradation,7.60048393558559e-10,0.9999907297413716,9.269498580360556e-06,0.5000046343692661,Early Degradation
B0033,129,70.84258902370404,Early Degradation,3.3177377991039423e-10,0.999988059096558,1.1940571668901071e-05,0.5000059701199479,Early Degradation
B0033,130,71.78007043700548,Early Degradation,1.1408024448547281e-09,0.9999921858990737,7.812960124514248e-06,0.5000039059096614,Early Degradation
B0033,131,72.72497782617108,Early Degradation,2.158677637916469e-09,0.999994464755898,5.533085425057178e-06,0.5000027654633741,Early Degradation
B0033,132,72.00667059744316,Early Degradation,5.659375513376878e-10,0.999994788762777,5.210671285312387e-06,0.5000026050526738,Early Degradation
B0033,133,71.31394808326698,Early Degradation,7.018874569027883e-11,0.9999964825480269,3.5173817847681026e-06,0.5000017586557982,Early Degradation
B0033,134,70.5548722466743,Early Degradation,3.568758811705916e-11,0.9999937986714215,6.201292892599324e-06,0.5000031006286033,Early Degradation
B0033,135,74.44349275244913,Early Degradation,4.322703416938811e-09,0.9999976435232192,2.3521540771232046e-06,0.5000011739156868,Early Degradation
B0033,136,73.55193619599562,Early Degradation,7.687141237775932e-09,0.9999953195426622,4.6727701969011815e-06,0.500002332541528,Early Degradation
B0033,137,72.6955925886174,Early Degradation,6.604616599809262e-10,0.9999968923717267,3.1069678121516924e-06,0.5000015531536756,Early Degradation
B0033,138,70.30349332884627,Early Degradation,7.275787107791148e-11,0.9999931479964138,6.851930829097447e-06,0.500003425929036,Early Degradation
B0033,139,44.76953559016098,Degraded,9.679282476985217e-26,2.545833368888462e-10,0.9999999997454161,0.9999999998727077,Degraded
B0033,140,15.84294942483033,Degraded,1.5178993324789953e-65,9.571445696479503e-55,1.0,1.0,Degraded
B0033,141,12.438692952669417,Degraded,1.5975587426910694e-71,1.1495329518511785e-61,1.0,1.0,Degraded
B0033,142,10.74526483673942,Degraded,1.654792032207185e-74,1.3720328005271078e-65,1.0,1.0,Degraded
B0033,143,12.482889086395591,Degraded,2.6562554296723896e-71,7.446289190902172e-62,1.0,1.0,Degraded
B0033,144,12.492666705962684,Degraded,1.6513491764402658e-71,2.054941230580973e-61,1.0,1.0,Degraded
B0033,145,22.83247858867016,Degraded,4.731999537750361e-54,5.032259021578984e-40,1.0,1.0,Degraded
B0033,146,24.632827808971104,Degraded,1.2128905002629348e-51,1.416793135820221e-37,1.0,1.0,Degraded
B0033,147,21.191206064570377,Degraded,1.3022832885342017e-56,8.318416431035679e-44,1.0,1.0,Degraded
B0033,148,77.52578894162309,Early Degradation,7.287083313990931e-10,0.9999997632626267,2.3600866612045556e-07,0.5000001176399795,Early Degradation
B0033,149,75.06603366046896,Early Degradation,7.4127194257567845e-09,0.9999990346869853,9.579002951398666e-07,0.5000004752437878,Early Degradation
B0033,150,73.39679011213572,Early Degradation,1.8514445043786704e-09,0.9999983920355962,1.6061129592833624e-06,0.5000008021307574,Early Degradation
B0033,151,72.70230146235181,Early Degradation,1.4874605218283735e-09,0.9999942359850169,5.762527522999437e-06,0.5000028805200315,Early Degradation
B0033,152,71.91530254387547,Early Degradation,1.1215053798794174e-09,0.9999926641936401,7.3346848546295045e-06,0.5000036667816746,Early Degradation
B0033,153,72.02852079758593,Early Degradation,1.0515346068277506e-09,0.9999925703670464,7.428581418816004e-06,0.500003713764942,Early Degradation
B0033,154,72.191363784758,Early Degradation,9.729388715245525e-10,0.999992974067767,7.024959292801447e-06,0.5000035119931763,Early Degradation
B0033,155,71.58951234848882,Early Degradation,6.853275669385766e-10,0.9999920249988891,7.974315783624708e-06,0.5000039868152282,Early Degradation
B0033,156,63.06627656585773,Degraded,1.2554810337942207e-11,0.996410301270196,0.003589698717250074,0.5017948493523481,Early Degradation
B0033,157,79.78979056412301,Early Degradation,7.209697700580356e-06,0.9999875603360455,5.229966253517256e-06,0.4999990101342763,Early Degradation
B0033,158,79.034380976209,Early Degradation,2.0099813239223366e-06,0.9999935723542609,4.417664415261134e-06,0.5000012038415457,Early Degradation
B0033,159,78.26103343100763,Early Degradation,8.069586466424986e-07,0.9999952592134388,3.933827914783193e-06,0.5000015634346342,Early Degradation
B0033,160,77.43884453087297,Early Degradation,3.997692272666654e-07,0.9999955825710753,4.0176596975418126e-06,0.5000018089452353,Early Degradation
B0033,161,76.78033330508363,Early Degradation,2.2844466165604472e-07,0.9999954227169636,4.348838374570261e-06,0.5000020601968563,Early Degradation
B0033,162,77.852691849777,Early Degradation,7.387435888740861e-07,0.9999948682541311,4.393002280407708e-06,0.5000018271293459,Early Degradation
B0033,163,76.46924701556212,Early Degradation,1.8805209106944003e-07,0.9999955984318345,4.213516074154716e-06,0.5000020127319914,Early Degradation
B0033,164,75.24071133688804,Early Degradation,3.7164295310065886e-08,0.9999953318100631,4.631025641868419e-06,0.5000022969306734,Early Degradation
B0033,165,74.43385410995957,Early Degradation,1.9776776011548434e-08,0.999994615854629,5.364368594965509e-06,0.5000026722959094,Early Degradation
B0033,166,73.79347638333851,Early Degradation,1.544309241041605e-08,0.9999936114418154,6.373115092241147e-06,0.500003178836,Early Degradation
B0033,167,74.72133999639539,Early Degradation,4.6380427334819316e-08,0.9999943488750942,5.6047444786267236e-06,0.5000027791820257,Early Degradation
B0033,168,74.99553152144883,Early Degradation,7.1542416965393e-08,0.9999941695762925,5.758881290809436e-06,0.500002843669437,Early Degradation
B0033,169,74.92664243432755,Early Degradation,5.157573470313127e-08,0.9999944869657346,5.461458530198618e-06,0.5000027049413975,Early Degradation
B0033,170,73.37332388806158,Early Degradation,8.715605207430616e-09,0.9999926615089638,7.329775431109699e-06,0.5000036605299131,Early Degradation
B0033,171,72.38771060527965,Early Degradation,4.764868509864127e-09,0.9999902117498949,9.783485236374316e-06,0.5000048893601838,Early Degradation
B0033,172,72.66045186458116,Early Degradation,3.778930082308325e-09,0.9999911926951817,8.803525888398353e-06,0.5000043998734792,Early Degradation
B0033,173,73.56453982558313,Early Degradation,1.2675609394543988e-08,0.9999924566664494,7.530657941608773e-06,0.5000037589911663,Early Degradation
B0033,174,73.83332071242764,Early Degradation,2.5046433946746583e-08,0.9999923261350301,7.648818535273888e-06,0.5000038118860504,Early Degradation
B0033,175,73.05357840851545,Early Degradation,1.250079352790665e-08,0.9999913326475329,8.654851673424788e-06,0.5000043211754399,Early Degradation
B0033,176,72.14065869485114,Early Degradation,3.053694746715716e-09,0.9999895432580276,1.0453688276950605e-05,0.5000052253172907,Early Degradation
B0033,177,73.19238458491765,Early Degradation,1.4196717206981051e-08,0.9999920954408634,7.890362419607456e-06,0.5000039380828514,Early Degradation
B0033,178,72.30960264439344,Early Degradation,3.979085172523884e-09,0.999990452715236,9.543305679643824e-06,0.5000047696632977,Early Degradation
B0033,179,72.42058413617649,Early Degradation,2.797858511102153e-09,0.9999908642538361,9.132948305332677e-06,0.5000045650752234,Early Degradation
B0033,180,71.60539523307251,Early Degradation,1.890493414124711e-09,0.9999877132226821,1.2284886823714388e-05,0.5000061414981648,Early Degradation
B0033,181,71.76922113188489,Early Degradation,1.7021841527649348e-09,0.9999883678461684,1.1630451647465787e-05,0.5000058143747317,Early Degradation
B0033,182,71.8023028643313,Early Degradation,1.7948057707034872e-09,0.9999880374803433,1.196072485068072e-05,0.5000059794650223,Early Degradation
B0033,183,71.25319060016668,Early Degradation,1.1465228727987996e-09,0.9999854284250114,1.4570428465309417e-05,0.500007284640971,Early Degradation
B0033,184,71.1463369286336,Early Degradation,1.2845473315502353e-09,0.9999842103353553,1.5788380097236013e-05,0.5000078935477749,Early Degradation
B0033,185,70.4318447056621,Early Degradation,9.031538505612844e-10,0.999979002306043,2.099679080292941e-05,0.5000104979438245,Early Degradation
B0033,186,70.54005434859062,Early Degradation,1.1686709093641702e-09,0.9999764937948871,2.3505036442660263e-05,0.5000117519338861,Early Degradation
B0033,187,70.84908189559403,Early Degradation,1.140884003116175e-09,0.999986344203972,1.3654655143566818e-05,0.5000068267571296,Early Degradation
B0033,188,69.90190912915713,Degraded,5.146573113956245e-10,0.9999733271106592,2.6672374683625873e-05,0.5000133359300133,Early Degradation
B0033,189,69.89429717015265,Degraded,6.128280914838901e-10,0.9999709338254903,2.9065561681641306e-05,0.5000145324744268,Early Degradation
B0033,190,69.94323144823633,Degraded,5.443576539709569e-10,0.9999713018657638,2.8697589878268e-05,0.5000143485227602,Early Degradation
B0033,191,70.1029954181593,Early Degradation,5.119016163568077e-10,0.9999736400612319,2.6359426866621917e-05,0.5000131794574826,Early Degradation
B0033,192,69.20766731697212,Degraded,7.354029820264595e-10,0.9999425502750788,5.744898951851498e-05,0.5000287241270579,Early Degradation
B0033,193,70.44741277994973,Early Degradation,3.068409894695772e-09,0.9999828953741751,1.7101557414203344e-05,0.5000085492445018,Early Degradation
B0033,194,72.32645077482996,Early Degradation,1.3046489880463518e-08,0.9999883832949092,1.1603658601498032e-05,0.5000057953060562,Early Degradation
B0033,195,70.50572132044385,Early Degradation,1.2587165908142248e-09,0.9999764174431445,2.3581298139039037e-05,0.5000117900197113,Early Degradation
B0033,196,69.61923201239807,Degraded,5.055739775815412e-10,0.9999660098686337,3.398962579097014e-05,0.5000169945601078,Early Degradation
B0033,197,69.77107439109554,Degraded,7.371285613972795e-10,0.9999669815196616,3.3017743209361986e-05,0.5000165085030401,Early Degradation
B0040,1,38.83578242781517,Degraded,1.0852528616575661e-31,2.065426583441348e-18,1.0,1.0,Degraded
B0040,2,45.63131802101664,Degraded,1.6836708794161214e-24,5.5419328645917857e-11,0.9999999999445812,0.9999999999722908,Degraded
B0040,3,45.35891583095063,Degraded,7.30798679629466e-25,4.636984903385272e-11,0.99999999995363,0.9999999999768149,Degraded
B0040,4,44.9555284084796,Degraded,2.9198003282167635e-25,1.838766838719617e-11,0.9999999999816129,0.9999999999908068,Degraded
B0040,5,43.98887690132718,Degraded,2.7982226260219795e-26,2.258663775721351e-12,0.9999999999977405,0.9999999999988698,Degraded
B0040,6,42.70166051641357,Degraded,1.1581838027135569e-27,1.21412611236731e-13,0.9999999999998792,0.9999999999999399,Degraded
B0040,7,44.88690294535576,Degraded,8.399474908447788e-25,4.493688105829401e-12,0.9999999999955058,0.9999999999977527,Degraded
B0040,8,44.59392904694836,Degraded,1.2907485314765536e-25,7.406428718073407e-12,0.9999999999925944,0.9999999999962976,Degraded
B0040,9,43.7659046053648,Degraded,1.6081238008199187e-26,1.253262324758829e-12,0.9999999999987459,0.9999999999993725,Degraded
B0040,10,42.715373145482296,Degraded,8.967373062030376e-28,1.4036886333705605e-13,0.9999999999998597,0.9999999999999298,Degraded
B0040,11,42.939227749443056,Degraded,2.024942032919582e-27,1.8097161707608728e-13,0.9999999999998188,0.9999999999999093,Degraded
B0040,12,41.23034096213723,Degraded,1.8943872224717433e-29,4.1228872850946135e-15,0.9999999999999964,0.9999999999999986,Degraded
B0040,13,98.46521310866773,Healthy,0.9996652769058961,6.877310717865303e-08,0.0003346543209968371,0.00033468870755042643,Healthy
B0040,14,99.8126564627402,Healthy,0.9984993506809136,5.104218795175282e-08,0.0015005982768985227,0.0015006237979924987,Healthy
B0040,15,99.9245526584592,Healthy,0.9984685199024737,4.62110589607321e-08,0.0015314338864671356,0.001531456991996616,Healthy
B0040,16,99.86412740786238,Healthy,0.9984548514682572,4.80246939349078e-08,0.0015451005070487016,0.001545124519395669,Healthy
B0040,17,100.0,Healthy,0.9984433398756934,4.2581825281954475e-08,0.0015566175424805277,0.0015566388333931687,Healthy
B0040,18,99.96228965694354,Healthy,0.998449960124886,4.361458897745639e-08,0.001549996260526394,0.0015500180678208826,Healthy
B0040,19,99.43349556648182,Healthy,0.9984287268500573,7.242332657479754e-08,0.0015712007266151732,0.0015712369382784605,Healthy
B0040,20,99.8712868394735,Healthy,0.9983724670545667,4.683665849630255e-08,0.0016274861087745565,0.0016275095271038047,Healthy
B0040,21,99.95614408634428,Healthy,0.9983688052285221,4.400129416091098e-08,0.0016311507701828073,0.0016311727708298877,Healthy
B0040,22,99.88732162593156,Healthy,0.9983909631235953,4.735932982691544e-08,0.001608989517076023,0.0016090131967409363,Healthy
B0040,23,99.96272702973896,Healthy,0.9983892882762624,4.463056661784446e-08,0.0016106670931711868,0.0016106894084544957,Healthy
B0040,24,99.89867288761243,Healthy,0.9983977435814693,4.714397149204348e-08,0.0016022092745585567,0.0016022328465443026,Healthy
B0040,25,99.98200195027502,Healthy,0.9983694326318607,4.3554330010907786e-08,0.0016305238138077135,0.001630545590972719,Healthy
B0040,26,99.93272933160092,Healthy,0.9983923118949334,4.58243038665735e-08,0.0016076422807630693,0.0016076651929150026,Healthy
B0040,27,99.87049810309088,Healthy,0.9983984696932464,4.929895013021756e-08,0.0016014810078046062,0.0016015056572796713,Healthy
B0040,28,99.80199673795696,Healthy,0.9984065013065523,5.192652510999208e-08,0.001593446766922233,0.0015934727301847881,Healthy
B0040,29,99.73886156272276,Healthy,0.9984155675989542,5.518967250811135e-08,0.0015843772113732879,0.001584404806209542,Healthy
B0040,30,99.73987520733854,Healthy,0.9984179205119804,5.636644994640037e-08,0.0015820231215700098,0.001582051304794983,Healthy
B0040,31,99.80337239837944,Healthy,0.9983551126677426,5.169768888688504e-08,0.0016448356345686295,0.0016448614834130729,Healthy
B0040,32,99.72002767559862,Healthy,0.9984641834680552,5.7739927669207644e-08,0.0015357587920161412,0.0015357876619799759,Healthy
B0040,33,99.75010991813976,Healthy,0.9984584026550993,5.623868570634074e-08,0.0015415411062155815,0.0015415692255584346,Healthy
B0040,34,99.58276289341038,Healthy,0.9984704845528273,6.547312105170162e-08,0.0015294499740504406,0.0015294827106109663,Healthy
B0040,35,99.60150209372732,Healthy,0.9984602546583956,6.424993697364769e-08,0.0015396810916658633,0.00153971321663435,Healthy
B0040,36,99.6792545958992,Healthy,0.9984676576633486,6.024969677060276e-08,0.0015322820869551003,0.0015323122118034856,Healthy
B0040,37,99.5678951873076,Healthy,0.9984994203028255,6.812448619134327e-08,0.001500511572688261,0.0015005456349313567,Healthy
B0040,38,99.54517673459642,Healthy,0.9985132213017001,6.948062908253915e-08,0.0014867092176711067,0.001486743957985648,Healthy
B0040,39,99.48925119124176,Healthy,0.9985217488198063,7.321548341771823e-08,0.0014781779647114904,0.0014782145724531993,Healthy
B0040,40,96.117536430598,Healthy,0.9999218912199589,8.150752497220766e-06,6.995802754431001e-05,7.403340379292039e-05,Healthy
B0040,41,96.1147780449282,Healthy,0.9999260440434636,8.267188034640727e-06,6.568876850188759e-05,6.982236251920795e-05,Healthy
B0040,42,95.62880463813876,Healthy,0.9999186860768159,1.4006618825423875e-05,6.730730435916558e-05,7.431061377187752e-05,Healthy
B0040,43,95.16720077716757,Healthy,0.9999078012362282,2.265927280871773e-05,6.953949096391819e-05,8.086912736827705e-05,Healthy
B0040,44,95.1105728665026,Healthy,0.9999117615070165,2.4071772708074697e-05,6.416672027575084e-05,7.620260662978819e-05,Healthy
B0040,45,94.68260145545142,Healthy,0.9998937487675005,3.7553778027568e-05,6.86974544717258e-05,8.74743434855098e-05,Healthy
B0040,46,24.554822289158366,Degraded,7.71963032929471e-51,1.4376742959895948e-37,1.0,1.0,Degraded
B0040,47,32.11929787552492,Degraded,1.8047681777995314e-39,8.421938082116953e-26,1.0,1.0,Degraded
B0042,1,99.8407154724496,Healthy,0.9997950606439931,1.640721325181221e-07,0.00020477528387391998,0.00020485731994017905,Healthy
B0042,2,100.0,Healthy,0.9997599242582834,1.0657272155658296e-07,0.00023996916899480795,0.00024002245535558625,Healthy
B0042,3,99.81313042115552,Healthy,0.9997691495951332,1.267647645405197e-07,0.00023072364010204237,0.00023078702248431263,Healthy
B0042,4,99.35743143934504,Healthy,0.9997837532448552,1.925640715348997e-07,0.0002160541910738154,0.00021615047310958286,Healthy
B0042,5,99.46304654186972,Healthy,0.9997717984528249,1.5298008474598297e-07,0.00022804856709062132,0.00022812505713299433,Healthy
B0042,6,0.0,Degraded,4.445437968485777e-92,5.496561272118515e-79,1.0,1.0,Degraded
B0042,7,98.68313961079048,Healthy,0.9997884839846218,3.2342766053262174e-07,0.000211192587718042,0.00021135430154830832,Healthy
B0042,8,98.39310126660304,Healthy,0.9997966139233478,4.624272459903879e-07,0.00020292364940592523,0.00020315486302892042,Healthy
B0042,9,97.94203532838075,Healthy,0.9998059036494842,7.61881764603963e-07,0.0001933344687510212,0.0001937154096333232,Healthy
B0042,10,97.88826082739014,Healthy,0.9998001467700356,7.980616726367034e-07,0.00019905516829114728,0.00019945419912746563,Healthy
B0042,11,97.4591645948868,Healthy,0.9998276702964388,1.3030332186907372e-06,0.000171026670342691,0.00017167818695203638,Healthy
B0042,12,97.3732470810067,Healthy,0.9998140747573278,1.3456440119397856e-06,0.00018457959866048345,0.00018525242066645334,Healthy
B0042,13,96.92838258171544,Healthy,0.9998345222355167,2.2977736541108963e-06,0.00016317999082929034,0.00016432887765634578,Healthy
B0042,14,96.67878489192556,Healthy,0.9998239466536459,2.854196970816702e-06,0.00017319914938324405,0.0001746262478686524,Healthy
B0042,15,96.57904979169716,Healthy,0.9998328579264492,3.264974805826373e-06,0.000163877098745733,0.00016550958614864618,Healthy
B0042,16,96.79573899591558,Healthy,0.9998330299420594,2.6340808457086944e-06,0.00016433597709520124,0.0001656530175180556,Healthy
B0042,17,95.97764699170736,Healthy,0.9998421102164639,6.4760490111233775e-06,0.0001514137345249143,0.00015465175903047598,Healthy
B0042,18,95.91101392214168,Healthy,0.9998299356788344,6.579707170141499e-06,0.00016348461399540444,0.0001667744675804752,Healthy
B0042,19,95.47170252510904,Healthy,0.9998386780065643,1.0964923453607673e-05,0.0001503570699817782,0.00015583953170858204,Healthy
B0042,20,95.29205748062311,Healthy,0.9998323195191899,1.2934151436574892e-05,0.0001547463293737075,0.00016121340509199494,Healthy
B0042,21,97.1023000954162,Healthy,0.9998348185006178,1.939834226064798e-06,0.0001632416651561638,0.0001642115822691962,Healthy
B0042,22,96.4528081078941,Healthy,0.9998370680759789,3.404871183936018e-06,0.00015952705283717086,0.00016122948842913886,Healthy
B0042,23,96.28704254152431,Healthy,0.9998530656823792,4.243701017443298e-06,0.0001426906166036565,0.00014481246711237815,Healthy
B0042,24,95.69244400432213,Healthy,0.9998524458763385,8.032244792659666e-06,0.0001395218788691774,0.00014353800126550722,Healthy
B0042,25,95.00490033619766,Healthy,0.9998402469327443,1.6518488704535793e-05,0.00014323457855103987,0.00015149382290330777,Healthy
B0042,26,94.67181009694688,Healthy,0.9998358683409848,2.3753212116367312e-05,0.00014037844689859368,0.00015225505295677735,Healthy
B0042,27,94.7783902485678,Healthy,0.9998468684879459,2.251123039222656e-05,0.0001306202816618256,0.0001418758968579389,Healthy
B0042,28,94.90600790277878,Healthy,0.9998509464665128,1.8615035984325068e-05,0.000130438497502545,0.00013974601549470751,Healthy
B0042,29,94.13196410662933,Healthy,0.999826800969624,4.274550936051902e-05,0.0001304535210155804,0.0001518262756958399,Healthy
B0042,30,93.7846480345888,Healthy,0.9997996751503491,5.937924739300039e-05,0.00014094560225802843,0.00017063522595452862,Healthy
B0042,31,93.4830116293015,Healthy,0.999775267987705,9.147500633837832e-05,0.00013325700595657488,0.00017899450912576404,Healthy
B0042,32,93.5240705146288,Healthy,0.9997773399221133,8.988476569657079e-05,0.00013277531219050523,0.00017771769503879063,Healthy
B0042,33,93.24982157041752,Healthy,0.9997510026863393,0.0001115276717045756,0.0001374696419559875,0.00019323347780827532,Healthy
B0042,34,92.823063991402,Healthy,0.9996792135574534,0.0001798326409286985,0.0001409538016177601,0.00023087012208210936,Healthy
B0042,35,92.48013410914508,Healthy,0.9995963718158817,0.0002521410846040565,0.00015148709951427232,0.00027755764181630057,Healthy
B0042,36,92.06282307738334,Healthy,0.9994471803984757,0.00039058062164202634,0.0001622389798821124,0.00035752929070312556,Healthy
B0042,37,92.10025298602828,Healthy,0.9994316196697862,0.0004178333150522647,0.00015054701516127838,0.00035946367268741074,Healthy
B0042,38,91.72607781367908,Healthy,0.999271424538465,0.0005702752053904843,0.00015830025614449946,0.0004434378588397416,Healthy
B0042,39,91.71310978240518,Healthy,0.9992540623615229,0.0005906834817185433,0.0001552541567586465,0.0004505958976179181,Healthy
B0042,40,91.24708874333504,Healthy,0.9989030779601324,0.0009295343879339114,0.0001673876519332864,0.0006321548459002421,Healthy
B0042,41,90.41993516263808,Healthy,0.9976701192872951,0.0021251218146489384,0.00020475889805569796,0.0012673198053801671,Healthy
B0042,42,4.083307924634038,Degraded,4.51550421592368e-87,6.80767012610544e-81,1.0,1.0,Degraded
B0042,43,4.861115397008187,Degraded,3.1280773101875933e-86,9.588396192827386e-80,1.0,1.0,Degraded
B0042,44,4.876655418818982,Degraded,2.358751668854105e-86,1.5214715183592738e-79,1.0,1.0,Degraded
B0042,45,4.896946516197476,Degraded,1.820551775368456e-86,7.636431476514911e-80,1.0,1.0,Degraded
B0042,46,5.390942261160644,Degraded,4.2142148641997756e-85,2.530041975640453e-78,1.0,1.0,Degraded
B0042,47,6.123800172406361,Degraded,3.367634323129763e-84,3.6792092461408425e-77,1.0,1.0,Degraded
B0042,48,6.151179492934428,Degraded,3.663100605032893e-84,2.215253096324734e-77,1.0,1.0,Degraded
B0042,49,5.45149968579352,Degraded,1.9500995909877934e-85,9.125865475362609e-79,1.0,1.0,Degraded
B0042,50,5.4581323954030365,Degraded,1.547252345901135e-83,2.3750102598371774e-77,1.0,1.0,Degraded
B0042,51,4.742474965816614,Degraded,1.6572405700436104e-87,7.787791057251304e-80,1.0,1.0,Degraded
B0042,52,5.497333005251536,Degraded,9.488934509706944e-86,9.027784613919541e-79,1.0,1.0,Degraded
B0042,53,5.509264692902492,Degraded,4.8214240925119954e-86,7.266436695186821e-79,1.0,1.0,Degraded
B0042,54,4.787643769933671,Degraded,3.556337290420465e-87,8.127753119725801e-81,1.0,1.0,Degraded
B0042,55,4.818562267612229,Degraded,1.433511567518933e-87,5.754227091293936e-80,1.0,1.0,Degraded
B0042,56,5.558726783938016,Degraded,3.511378838046563e-86,2.679026444704978e-79,1.0,1.0,Degraded
B0042,57,5.032018652087342,Degraded,3.134319658824636e-87,3.2958222308587126e-81,1.0,1.0,Degraded
B0042,58,5.591727647673006,Degraded,3.689568964024155e-86,1.2756850906895731e-79,1.0,1.0,Degraded
B0042,59,4.874500759040185,Degraded,1.4090309260232733e-87,1.820020521906286e-81,1.0,1.0,Degraded
B0042,60,5.64267251065887,Degraded,2.5238046829473467e-86,1.3345291587303408e-79,1.0,1.0,Degraded
B0042,61,4.919186232745649,Degraded,7.998909918714753e-88,8.238708736013176e-82,1.0,1.0,Degraded
B0042,62,4.892946728041399,Degraded,6.058706677927564e-88,8.713144680746308e-82,1.0,1.0,Degraded
B0042,63,4.937327166128909,Degraded,4.997648904697517e-88,3.4687028814888755e-81,1.0,1.0,Degraded
B0042,64,4.954025666853788,Degraded,2.1595853760189958e-85,1.5979235803374332e-79,1.0,1.0,Degraded
B0042,65,4.964307863688388,Degraded,1.0004735678032484e-85,3.453943444195472e-80,1.0,1.0,Degraded
B0042,66,4.975421956009237,Degraded,7.967566185305967e-86,2.7538826091678494e-80,1.0,1.0,Degraded
B0042,67,4.997168688943699,Degraded,2.504386698287523e-87,2.552176089699608e-80,1.0,1.0,Degraded
B0042,68,5.010790415647269,Degraded,6.323398543038155e-88,6.791468311754068e-81,1.0,1.0,Degraded
B0042,69,5.002698427780663,Degraded,4.8159338243431304e-88,9.247780517262765e-82,1.0,1.0,Degraded
B0042,70,5.023489170238506,Degraded,2.260435910920776e-85,2.1138064999030746e-79,1.0,1.0,Degraded
B0042,71,4.266770104680786,Degraded,9.935810463882003e-90,1.0621270902122393e-82,1.0,1.0,Degraded
B0042,72,5.06844618636674,Degraded,2.485322126557717e-88,6.686692040403547e-82,1.0,1.0,Degraded
B0042,73,5.076942199987558,Degraded,2.868411983938267e-88,4.686942787664519e-81,1.0,1.0,Degraded
B0042,74,5.087458452259341,Degraded,3.1891224183338564e-88,2.336541470316644e-81,1.0,1.0,Degraded
B0042,75,5.102165826178371,Degraded,1.3224663386106104e-88,1.3097910851573077e-81,1.0,1.0,Degraded
B0042,76,4.310240792572266,Degraded,1.75563155678679e-90,3.6563086902382966e-83,1.0,1.0,Degraded
B0042,77,4.323318307148042,Degraded,2.197027434716683e-90,1.076101402828974e-83,1.0,1.0,Degraded
B0042,78,4.347502938026221,Degraded,2.522165213154595e-90,1.740853163853194e-83,1.0,1.0,Degraded
B0042,79,4.350262567481771,Degraded,2.8247276020234796e-90,6.453056752200508e-84,1.0,1.0,Degraded
B0042,80,4.362629766514718,Degraded,2.0843938301930973e-89,7.915955836596782e-84,1.0,1.0,Degraded
B0042,81,4.380256576501697,Degraded,3.3641527031151964e-88,3.799175431662684e-82,1.0,1.0,Degraded
B0042,82,4.388880707064559,Degraded,6.859996821331043e-97,1.2233219638293824e-78,1.0,1.0,Degraded
B0042,83,4.401837654953432,Degraded,2.6933668620444095e-95,1.229633759902965e-77,1.0,1.0,Degraded
B0042,84,3.590544962387396,Degraded,1.4127684480217544e-97,6.430042617189553e-79,1.0,1.0,Degraded
B0042,85,4.388305900734987,Degraded,7.223938361669316e-97,1.2418811588459132e-78,1.0,1.0,Degraded
B0042,86,3.59637261388017,Degraded,2.0151272237617436e-99,5.840020982313612e-80,1.0,1.0,Degraded
B0042,87,3.615104124150645,Degraded,3.2830547446528023e-98,3.177366353881469e-79,1.0,1.0,Degraded
B0042,88,83.0354528228283,Early Degradation,0.15679098921085882,0.8237004562630228,0.01950855452611878,0.43135878265763017,Early Degradation
B0042,89,88.05242804045022,Healthy,0.9220473249884815,0.06388092237665735,0.01407175263486149,0.046012213823190165,Healthy
B0042,90,87.87486035201186,Healthy,0.8982537175610817,0.08485797806851583,0.016888304370402493,0.05931729340466041,Healthy
B0042,91,87.52862095650819,Healthy,0.8696352883562427,0.11252258333269834,0.017842128311058518,0.07410341997740769,Healthy
B0042,92,86.88712021238175,Healthy,0.7986499102638119,0.18152798071871765,0.01982210901747079,0.11058609937682962,Healthy
B0042,93,86.640263515306,Healthy,0.7551798901202311,0.22375012420467774,0.021069985675091125,0.13294504777743,Healthy
B0042,94,85.99690939492778,Healthy,0.6450370605856857,0.33313979558873624,0.021823143825578456,0.18839304161994658,Healthy
B0042,95,85.53508859162555,Healthy,0.515931475074986,0.45917920957025066,0.02488931535476339,0.2544789201398887,Healthy
B0042,96,85.26058737108268,Healthy,0.47234082664691224,0.5039852763333171,0.0236738970197706,0.27566653518642914,Early Degradation
B0042,97,84.68264368311114,Early Degradation,0.3318954531758129,0.6444054481516381,0.023699098672549428,0.3459018227483685,Early Degradation
B0042,98,84.28258820140461,Early Degradation,0.25759988643931353,0.7199104967743196,0.022489616786366493,0.3824448651735263,Early Degradation
B0042,99,83.49573675815489,Early Degradation,0.15381625421474646,0.827275950598966,0.018907795186287372,0.43254577048577036,Early Degradation
B0042,100,83.17025917142938,Early Degradation,0.1035402333045578,0.8776030620975747,0.018856704597867893,0.4576582356466552,Early Degradation
B0042,101,82.53281012641231,Early Degradation,0.061668193703385735,0.9219168958511841,0.016414910445430198,0.47737335837102224,Early Degradation
B0042,102,81.6746276333618,Early Degradation,0.03060667107486362,0.9556873181505565,0.013706010774579854,0.4915496698498581,Early Degradation
B0042,103,81.75726784419759,Early Degradation,0.032931731478366616,0.9532968968073108,0.013771371714323377,0.49041982011797874,Early Degradation
B0042,104,80.82383839203607,Early Degradation,0.014439271833661449,0.9738558887604285,0.011704839405909984,0.49863278378612425,Early Degradation
B0042,105,80.62299792186165,Early Degradation,0.01251537217332505,0.9761739667913748,0.011310661035299598,0.499397644430987,Early Degradation
B0042,106,80.45059746251567,Early Degradation,0.010447049853804728,0.9784186794585837,0.011134270687611653,0.5003436104169036,Early Degradation
B0042,107,79.35896688124635,Early Degradation,0.0037865641194390607,0.9860886515457954,0.01012478433476535,0.5031691101076631,Early Degradation
B0042,108,79.42666081731849,Early Degradation,0.004667512423868621,0.9855308480189425,0.009801639557188808,0.50256706356666,Early Degradation
B0042,109,78.9615827626458,Early Degradation,0.0031516993979309195,0.987290610782849,0.00955768981922039,0.5032029952106448,Early Degradation
B0042,110,78.36619222387526,Early Degradation,0.001757305086968298,0.9886835049007593,0.009559190012272113,0.5039009424626517,Early Degradation
B0042,111,77.67570530529325,Early Degradation,0.0009276409950192909,0.9892702552930717,0.009802103711908731,0.5044372313584445,Early Degradation
B0042,112,77.24469296139166,Early Degradation,0.0006771152327799501,0.9893513781599574,0.009971506607262662,0.5046471956872414,Early Degradation
B0045,1,100.0,Healthy,0.8061413373763974,1.6444347045443783e-06,0.19385701818889742,0.19385784040624968,Healthy
B0045,2,85.76433294137931,Healthy,0.14728275838433058,0.24573516642396298,0.6069820751917067,0.7298496584036882,Degraded
B0045,3,81.81242805226174,Early Degradation,0.010157214749211385,0.4724253442786287,0.5174174409721609,0.7536301131114753,Degraded
B0045,4,79.30844888571998,Early Degradation,0.0013813448067999067,0.4867097507189206,0.5119089044742797,0.75526377983374,Degraded
B0045,5,77.72192618562926,Early Degradation,0.0004399635420769929,0.4607885971399855,0.538771439317938,0.7691657378879307,Degraded
B0045,6,76.20729224379514,Early Degradation,0.00011579595629652412,0.3876624107053431,0.6122217933383604,0.8060529986910319,Degraded
B0045,7,73.34668761945244,Early Degradation,7.671984248257168e-06,0.20361132880138882,0.7963809992143628,0.8981866636150572,Degraded
B0045,8,75.6361551553846,Early Degradation,7.389351269372469e-05,0.3567560872167487,0.6431700192705582,0.8215480628789325,Degraded
B0045,9,73.73194318036916,Early Degradation,9.454240736341328e-06,0.22227471232010404,0.7777158334391603,0.8888531895992123,Degraded
B0045,10,73.88105078445099,Early Degradation,1.4897180508344962e-05,0.23784778175310806,0.7621373210663842,0.8810612119429382,Degraded
B0045,11,71.93397144519497,Early Degradation,1.9086014470670275e-06,0.126932522544235,0.873065568854318,0.9365318301264355,Degraded
B0045,12,72.124647818863,Early Degradation,2.3372689602774864e-06,0.1342647427340733,0.8657329199969664,0.9328652913640031,Degraded
B0045,13,71.28655435240697,Early Degradation,7.248851559621369e-07,0.09253702458402499,0.9074622505308191,0.9537307628228315,Degraded
B0045,14,73.50223356766291,Early Degradation,6.590757085301864e-06,0.20576639636605704,0.7942270128768585,0.897110211059887,Degraded
B0045,15,72.31309816186214,Early Degradation,1.9403406318013707e-06,0.134340398136974,0.8656576615223933,0.9328278605908803,Degraded
B0045,16,70.69834302314894,Early Degradation,3.4512710102365703e-07,0.06738794683343455,0.932611708039464,0.9663056814561813,Degraded
B0045,17,69.73237669695607,Degraded,1.1245341813395223e-07,0.039950789324972376,0.9600490982216097,0.9800244928840959,Degraded
B0045,18,69.35482377020718,Degraded,7.416342144914684e-08,0.0333578187202843,0.966642107116294,0.9833210164764361,Degraded
B0045,19,68.46025156522295,Degraded,2.3607741509526143e-08,0.018697031433796026,0.9813029449584634,0.9906514606753614,Degraded
B0045,20,0.0,Degraded,3.8681128410480236e-92,1.0274571221185182e-78,1.0,1.0,Degraded
B0045,21,67.54773403564208,Degraded,4.352453797741113e-09,0.007831399849420707,0.9921685957981262,0.9960842957228365,Degraded
B0045,22,67.3511522629199,Degraded,4.489656387957757e-09,0.008607855973441023,0.9913921395369032,0.9956960675236237,Degraded
B0045,23,66.1844713119465,Degraded,7.831397619719048e-10,0.0034968759055715565,0.9965031233112878,0.9982515612640736,Degraded
B0045,24,65.89039415669895,Degraded,5.5430960639802e-10,0.002836599454575442,0.9971633999911149,0.9985816997184026,Degraded
B0045,25,66.0085756549095,Degraded,7.001887980800274e-10,0.0032014687714073124,0.9967985305284035,0.9983992649141071,Degraded
B0045,26,66.45755824071367,Degraded,1.8543787060006388e-09,0.004795585428417223,0.9952044127172041,0.9976022054314126,Degraded
B0045,27,66.30417832191702,Degraded,1.4356546807625098e-09,0.004309690977696102,0.9956903075866491,0.9978451530754971,Degraded
B0045,28,65.35270056322469,Degraded,2.4538834813044506e-10,0.0018536626015683588,0.9981463371530432,0.9990731684538274,Degraded
B0045,29,65.02260710856127,Degraded,2.0731148642005612e-10,0.0014954094417150223,0.9985045903509734,0.9992522950718309,Degraded
B0045,30,64.15194554943578,Degraded,3.8225057475042785e-11,0.0006572619056244454,0.9993427380561497,0.9996713690089619,Degraded
B0045,31,63.90245937265006,Degraded,2.5618489030567453e-11,0.0005342951898068207,0.999465704784575,0.9997328523794784,Degraded
B0045,32,64.4333143063834,Degraded,8.039558963727239e-11,0.0009597209073663762,0.9990402790122378,0.999520139465921,Degraded
B0045,33,63.1477853711246,Degraded,7.035938973642268e-12,0.0002549313625267436,0.9997450686304376,0.9998725343117009,Degraded
B0045,34,63.05137965347076,Degraded,5.573656507473634e-12,0.00020700513579401166,0.9997929948586325,0.9998964974265295,Degraded
B0045,35,67.37216340287807,Degraded,3.390948317523964e-09,0.008225438145494628,0.9917745584635579,0.9958872775363052,Degraded
B0045,36,65.98389800169325,Degraded,3.9085143807375506e-10,0.0029577363638067745,0.9970422632453414,0.9985211314272447,Degraded
B0045,37,64.3055849688165,Degraded,3.9490656137589787e-11,0.0007270778961905028,0.9992729220643182,0.9996364610124134,Degraded
B0045,38,64.86549595722481,Degraded,1.2704866018867384e-10,0.0012572808987673899,0.9987427189741837,0.9993713594235674,Degraded
B0045,39,63.88114524673849,Degraded,1.7711468834692544e-11,0.0004906933335171185,0.9995093066487717,0.9997546533155303,Degraded
B0045,40,63.247782982368605,Degraded,9.716302634303062e-12,0.00027826756556236654,0.9997217324247208,0.999860866207502,Degraded
B0045,41,62.306130625907976,Degraded,1.3921909783652297e-12,0.00010647730982818942,0.9998935226887794,0.9999467613436935,Degraded
B0045,42,61.64692458837479,Degraded,8.335040649014076e-13,5.734719807518152e-05,0.9999426528010913,0.9999713264001289,Degraded
B0045,43,62.88553360948731,Degraded,5.024047207197095e-12,0.00020377793641286504,0.9997962220585636,0.99989811102677,Degraded
B0045,44,61.164418991304274,Degraded,2.604649701962679e-13,3.410118991541256e-05,0.9999658988098247,0.9999829494047824,Degraded
B0045,45,61.21344645259701,Degraded,2.6798061683059463e-13,3.628960890894787e-05,0.9999637103908235,0.999981855195278,Degraded
B0045,46,61.73276894901958,Degraded,8.717907353064583e-13,7.016519187311648e-05,0.9999298348072553,0.9999649174031918,Degraded
B0045,47,59.97333180993264,Degraded,2.3497713473636293e-14,8.366112988453035e-06,0.9999916338869889,0.999995816943483,Degraded
B0045,48,60.10871557524503,Degraded,3.0674958410128356e-14,9.710992472697963e-06,0.999990289007496,0.9999951445037323,Degraded
B0045,49,60.74124666901059,Degraded,1.0663333397712723e-13,2.1132512446064078e-05,0.9999788674874472,0.9999894337436702,Degraded
B0045,50,58.81366621762071,Degraded,3.1555255982903107e-15,2.1351318846140702e-06,0.9999978648681122,0.9999989324340545,Degraded
B0045,51,60.41195824035112,Degraded,7.272305733499376e-14,1.5885730786287622e-05,0.9999841142691408,0.999992057134534,Degraded
B0045,52,59.07162689582044,Degraded,4.336617878459492e-15,2.922143220564601e-06,0.9999970778567748,0.9999985389283851,Degraded
B0045,53,59.910624184914894,Degraded,3.577340411829877e-14,9.473373802103481e-06,0.9999905266261618,0.9999952633130629,Degraded
B0045,54,58.11531662440237,Degraded,4.777530034555199e-16,1.2004412714996174e-06,0.9999987995587276,0.9999993997793634,Degraded
B0045,55,58.97128836740565,Degraded,5.763720509409394e-15,2.296222437548958e-06,0.999997703777556,0.9999988518887748,Degraded
B0045,56,60.58179222320509,Degraded,3.6803307901329463e-14,1.3366648097991024e-05,0.9999866333518647,0.9999933166759136,Degraded
B0045,57,59.93584449808227,Degraded,1.1023547613953148e-14,6.273335457492149e-06,0.9999937266645319,0.9999968633322607,Degraded
B0045,58,59.650597404725545,Degraded,9.179500031308834e-15,4.921560744667418e-06,0.9999950784392461,0.9999975392196184,Degraded
B0045,59,59.4004664290574,Degraded,8.195723410980946e-15,3.940543100860689e-06,0.9999960594568917,0.9999980297284422,Degraded
B0045,60,58.711422332056586,Degraded,1.6099718405657565e-15,1.541580965509437e-06,0.9999984584190321,0.9999992292095149,Degraded
B0045,61,56.90274775497204,Degraded,8.585419815126564e-17,1.4984391174797728e-07,0.9999998501560873,0.9999999250780431,Degraded
B0045,62,57.03282105742334,Degraded,1.2157621449380335e-16,1.811810925766063e-07,0.9999998188189072,0.9999999094094535,Degraded
B0045,63,59.46719005699871,Degraded,8.382124299149514e-15,4.066261011787559e-06,0.9999959337389798,0.9999979668694856,Degraded
B0045,64,58.02443653658993,Degraded,3.728288670138748e-16,6.10352543142147e-07,0.9999993896474562,0.9999996948237277,Degraded
B0045,65,58.13491813764755,Degraded,6.862006579774272e-16,7.743708166963334e-07,0.9999992256291833,0.9999996128145917,Degraded
B0045,66,0.0,Degraded,3.3315433279658734e-92,1.0681722481194984e-78,1.0,1.0,Degraded
B0045,67,57.91566491320995,Degraded,4.399155882988224e-16,4.4513968504089157e-07,0.9999995548603144,0.999999777430157,Degraded
B0045,68,60.03638875464973,Degraded,1.160794540388241e-14,5.851046702995162e-06,0.9999941489532849,0.9999970744766363,Degraded
B0045,69,58.57306754451517,Degraded,8.758563081053054e-16,1.0670921740877902e-06,0.9999989329078245,0.9999994664539116,Degraded
B0045,70,58.213224747973314,Degraded,6.285677168555594e-16,7.227149998603344e-07,0.9999992772849993,0.9999996386424992,Degraded
B0045,71,57.1458555173629,Degraded,8.678397627428241e-17,1.908272597884962e-07,0.9999998091727407,0.9999999045863706,Degraded
B0045,72,56.09604245132347,Degraded,9.102768862567018e-18,4.252595438302657e-08,0.9999999574740448,0.999999978737022,Degraded
B0046,1,100.0,Healthy,0.9931615137893879,3.6283971280024655e-07,0.006838123370898969,0.006838304790755369,Healthy
B0046,2,87.72794983493625,Healthy,0.8911477791843551,0.09316232306368906,0.015689897751955874,0.0622710592838004,Healthy
B0046,3,86.9741389131376,Healthy,0.8174054952644482,0.16438804554489558,0.01820645919065565,0.10040048196310344,Healthy
B0046,4,85.97569324932893,Healthy,0.6350125676587451,0.3421256014241628,0.022861830917092072,0.19392463162917348,Healthy
B0046,5,85.02620494460146,Healthy,0.409151396452611,0.5661019787094196,0.02474662483796986,0.30779761419267965,Early Degradation
B0046,6,84.41860547699463,Early Degradation,0.293812524309636,0.6832913422017549,0.022896133488608732,0.3645418045894862,Early Degradation
B0046,7,84.22938955749567,Early Degradation,0.29163027512950485,0.6894264654419834,0.018943259428511768,0.36365649214950346,Early Degradation
B0046,8,84.26103487952349,Early Degradation,0.25167192055924803,0.7262345747671042,0.022093504673647853,0.38521079205719994,Early Degradation
B0046,9,83.55667413565902,Early Degradation,0.15402659959344364,0.8260808666546943,0.019892533751862472,0.4329329670792096,Early Degradation
B0046,10,82.64447641404387,Early Degradation,0.07088852339707535,0.912395283092668,0.016716193510256667,0.4729138350565907,Early Degradation
B0046,11,82.1636766609301,Early Degradation,0.048186790339777116,0.9368195534356387,0.014993656224583702,0.48340343294240307,Early Degradation
B0046,12,81.2574194334267,Early Degradation,0.01986477721891838,0.9671687656376864,0.012966457143395524,0.4965508399622387,Early Degradation
B0046,13,82.36331542005146,Early Degradation,0.06877556043081043,0.9173821889505318,0.013842250618657534,0.4725333450939234,Early Degradation
B0046,14,82.97432779828061,Early Degradation,0.09766438717329401,0.8851575926281543,0.017178020198551486,0.4597568165126286,Early Degradation
B0046,15,82.0787815838865,Early Degradation,0.042265762846199414,0.9427617049594621,0.014972532194339055,0.4863533846740701,Early Degradation
B0046,16,81.33314575110198,Early Degradation,0.02442441909914669,0.9629485895859419,0.01262699131491194,0.4941012861078829,Early Degradation
B0046,17,80.37205593457811,Early Degradation,0.009724299811351146,0.9791250424289666,0.011150657759682972,0.5007131789741662,Early Degradation
B0046,18,79.40647814133249,Early Degradation,0.004023650547376277,0.9857504958561298,0.010225853596493837,0.5031011015245588,Early Degradation
B0046,19,78.78410957838801,Early Degradation,0.002392689670723269,0.9878941102172797,0.009713200111997253,0.5036602552206371,Early Degradation
B0046,20,0.0,Degraded,5.951922038547031e-94,9.323440701637818e-81,1.0,1.0,Degraded
B0046,21,81.58755889937873,Early Degradation,0.02494793058689015,0.961469121324521,0.013582948088589357,0.49431750875084984,Early Degradation
B0046,22,77.51051546628393,Early Degradation,0.0007329735945952518,0.9891693752291647,0.010097651176239685,0.504682338790822,Early Degradation
B0046,23,76.90784492242184,Early Degradation,0.00047494636475018705,0.9893233328395211,0.010201720795729088,0.5048633872154896,Early Degradation
B0046,24,76.27235157662044,Early Degradation,0.0002859339060678321,0.9889236809142183,0.010790385179713624,0.5052522256368228,Early Degradation
B0046,25,75.93993261419321,Early Degradation,0.00021455262857626045,0.9884890314337289,0.011296415937694452,0.5055409316545589,Early Degradation
B0046,26,75.1819382923096,Early Degradation,0.00010657354211693204,0.986724045278185,0.013169381179697476,0.50653140381879,Early Degradation
B0046,27,74.51215549939245,Early Degradation,7.263627409850556e-05,0.9855852289131175,0.014342134812783904,0.5071347492693427,Early Degradation
B0046,28,74.4415616707313,Early Degradation,7.128055715645264e-05,0.9856893491599729,0.014239370282870683,0.5070840448628571,Early Degradation
B0046,29,73.59881750641172,Early Degradation,3.584050484171515e-05,0.9820233711977477,0.017940788297411046,0.508952473896285,Early Degradation
B0046,30,73.56907022678904,Early Degradation,3.488999836716663e-05,0.982038383810484,0.017926726191148767,0.5089459180963908,Early Degradation
B0046,31,72.99581937758316,Early Degradation,1.9697182045636993e-05,0.977803813066538,0.022176489751416558,0.5110783962846855,Early Degradation
B0046,32,71.8720035202742,Early Degradation,8.467640167170192e-06,0.9678441706605447,0.032147361699288175,0.5160694470295606,Early Degradation
B0046,33,71.76400818499386,Early Degradation,8.198733738069894e-06,0.9667882737281095,0.0332035275381519,0.5165976644022067,Early Degradation
B0046,34,74.35967064985157,Early Degradation,8.13925719320526e-05,0.9848582770170334,0.015060330411034238,0.5074894689195509,Early Degradation
B0046,35,75.47177264277919,Early Degradation,0.00014922334115920904,0.9876186997142518,0.012232076944588968,0.5060414268017148,Early Degradation
B0046,36,73.94022078859626,Early Degradation,4.2014521697373894e-05,0.9829993861601037,0.016958599318198816,0.5084582923982507,Early Degradation
B0046,37,73.62096840191668,Early Degradation,3.407210693868092e-05,0.9817674588312523,0.018198469061809,0.5090821984774352,Early Degradation
B0046,38,72.19998087724714,Early Degradation,1.0523166046424915e-05,0.9705229335179755,0.02946654331597841,0.5147280100749662,Early Degradation
B0046,39,71.47447509213643,Early Degradation,6.190880601815988e-06,0.9621815776270082,0.037812231492390255,0.5189030203058943,Early Degradation
B0046,40,71.12738033226265,Early Degradation,4.873897067982719e-06,0.955403788467159,0.04459133763577335,0.5222932318693528,Early Degradation
B0046,41,70.81721601878415,Early Degradation,4.012114653592426e-06,0.9516081523329816,0.04838783555236434,0.5241919117188552,Early Degradation
B0046,42,69.74863786221466,Degraded,1.6820965392475598e-06,0.91888091121955,0.08111740668391021,0.5405578622936852,Early Degradation
B0046,43,69.19079179611226,Degraded,1.042506125855776e-06,0.8917193979908149,0.10827955950305827,0.5541392584984657,Early Degradation
B0046,44,68.8604290069761,Degraded,8.354373273283966e-07,0.873765082056299,0.12623408250637272,0.5631166235345222,Early Degradation
B0046,45,68.2313965077341,Degraded,5.148068923426816e-07,0.8247347122472157,0.17526477294589307,0.5876321290695009,Early Degradation
B0046,46,67.67026292521172,Degraded,3.0853979844965484e-07,0.768919819711478,0.23107987174872288,0.6155397816044619,Early Degradation
B0046,47,67.56725264850695,Degraded,2.96289320233976e-07,0.7608854245313197,0.23911427917936004,0.6195569914450199,Early Degradation
B0046,48,67.00030834283368,Degraded,1.644377232532554e-07,0.6762825786373867,0.32371725692489134,0.6618585462435846,Early Degradation
B0046,49,66.54063047553063,Degraded,1.1575732661283559e-07,0.6138035969856984,0.3861962872569751,0.6930980857498243,Early Degradation
B0046,50,66.5582565587506,Degraded,1.2530027676611445e-07,0.6093219006844868,0.3906779740152373,0.6953389243574807,Early Degradation
B0046,51,65.6706089155732,Degraded,4.003924362643976e-08,0.43649814877624205,0.563501811184515,0.7817508855726361,Degraded
B0046,52,65.85292562750975,Degraded,6.040223590395505e-08,0.4853745217249049,0.5146254178728584,0.7573126787353108,Degraded
B0046,53,65.0205799700644,Degraded,2.193712050780484e-08,0.3277808447948313,0.6722191332680478,0.8361095556654635,Degraded
B0046,54,0.0,Degraded,1.9196203847238525e-92,7.176708482461474e-79,1.0,1.0,Degraded
B0046,55,70.25180244845376,Early Degradation,2.8206896963690428e-06,0.9271039425112468,0.0728932367990566,0.53644520805468,Early Degradation
B0046,56,70.12598573335063,Early Degradation,2.171402985326435e-06,0.9279750556299686,0.07202277296704714,0.5360103007820315,Early Degradation
B0046,57,69.26846963765415,Degraded,1.0909909803779145e-06,0.8960409781733507,0.10395793083566965,0.551978419922345,Early Degradation
B0046,58,68.41004376302357,Degraded,5.299306440850831e-07,0.8387247574436517,0.16127471262570398,0.5806370913475298,Early Degradation
B0046,59,67.38266588750717,Degraded,2.014174357660655e-07,0.7239314269547037,0.27606837162786074,0.6380340851052126,Early Degradation
B0046,60,66.74746962992741,Degraded,1.1546995555562023e-07,0.6319346159176105,0.3680652686124348,0.6840325765712401,Early Degradation
B0046,61,67.13183501476311,Degraded,2.426293411506984e-07,0.682794627391263,0.3172051299793953,0.6586024436750268,Early Degradation
B0046,62,67.76675409812515,Degraded,3.1130504857068314e-07,0.7665347786517679,0.23346491004318354,0.6167322993690675,Early Degradation
B0046,63,66.90862037076866,Degraded,1.3351077401844294e-07,0.652561561064679,0.3474383054245471,0.6737190859568867,Early Degradation
B0046,64,66.0257234546993,Degraded,6.127293598450144e-08,0.5109285944288195,0.4890713442982433,0.7445356415126531,Early Degradation
B0046,65,65.68757023654074,Degraded,4.0072374096261155e-08,0.4376941579969744,0.5623058019306518,0.781152880929139,Degraded
B0046,66,0.0,Degraded,1.0362230894067582e-93,2.229997974827205e-80,1.0,1.0,Degraded
B0046,67,72.50644253210565,Early Degradation,1.2674105684897482e-05,0.969100489486349,0.03088683640796653,0.5154370811511411,Early Degradation
B0046,68,69.72676794231909,Degraded,1.4564349677800966e-06,0.9129562664286037,0.08704227713642834,0.5435204103507302,Early Degradation
B0046,69,68.92556190477215,Degraded,7.836799233695709e-07,0.8770847657722244,0.12291445054785216,0.5614568334339644,Early Degradation
B0046,70,67.96733645153222,Degraded,3.203182902317416e-07,0.7897269954570798,0.21027268422462903,0.6051361819531689,Early Degradation
B0046,71,66.86245649253746,Degraded,1.2498988282566422e-07,0.6511605577493339,0.3488393172607831,0.67441959613545,Early Degradation
B0046,72,66.76182876878015,Degraded,1.243904554267114e-07,0.6418335914320769,0.3581662841774673,0.6790830798935057,Early Degradation
B0049,1,36.08664511147571,Degraded,1.3423682265859153e-33,9.611763200516046e-22,1.0,1.0,Degraded
B0049,2,59.73596199721703,Degraded,6.677043959087377e-10,0.04230196984554022,0.9576980294867555,0.9788490144095257,Degraded
B0049,3,57.7157527100959,Degraded,1.3374233941663674e-12,0.0016320999077350461,0.9983679000909271,0.9991839500447947,Degraded
B0049,4,57.3593359614506,Degraded,3.280983399203325e-11,0.00966054006416524,0.9903394599030257,0.9951697299351083,Degraded
B0049,5,100.0,Healthy,0.9876824308373009,3.708706973142436e-09,0.012317565453991644,0.01231756730834513,Healthy
B0049,6,44.58573526324338,Degraded,2.935739586648526e-24,1.3893103670999981e-12,0.9999999999986109,0.9999999999993056,Degraded
B0049,7,42.33476517415107,Degraded,4.814254678296691e-27,3.0286911390716436e-14,0.9999999999999698,0.9999999999999849,Degraded
B0049,8,39.09276204274657,Degraded,1.3058692249204582e-31,1.150365332812906e-17,1.0,1.0,Degraded
B0049,9,38.81361849542832,Degraded,1.2942680219016074e-31,7.133816998986562e-18,1.0,1.0,Degraded
B0049,10,38.060677203681074,Degraded,8.775237191820233e-32,2.521070706817144e-18,1.0,1.0,Degraded
B0049,11,36.13760333324287,Degraded,2.4892369439213424e-35,4.906936712627479e-22,1.0,1.0,Degraded
B0049,12,35.18649803356408,Degraded,1.778196615827542e-36,7.513086786565065e-22,1.0,1.0,Degraded
B0049,13,35.553135086905286,Degraded,3.5523585940558814e-35,3.626317240893134e-21,1.0,1.0,Degraded
B0049,14,33.93200042466063,Degraded,1.7703499994602154e-38,6.134040929707294e-25,1.0,1.0,Degraded
B0049,15,32.879006890522106,Degraded,2.5578782944916497e-39,7.926754878084683e-26,1.0,1.0,Degraded
B0049,16,33.43510144846999,Degraded,5.024057860112631e-38,6.356805214894572e-25,1.0,1.0,Degraded
B0049,17,0.0,Degraded,1.0141912611119252e-92,1.993084105175215e-79,1.0,1.0,Degraded
B0049,18,32.59021540340725,Degraded,2.0851560927291877e-40,5.857649287308368e-27,1.0,1.0,Degraded
B0049,19,32.42127353809802,Degraded,1.4345725828788496e-39,4.623621379291736e-25,1.0,1.0,Degraded
B0049,20,31.888335428459808,Degraded,5.1909166532616145e-40,8.229835303577634e-27,1.0,1.0,Degraded
B0049,21,30.897382386649813,Degraded,9.001852435627417e-43,3.6998577396128846e-29,1.0,1.0,Degraded
B0049,22,30.97041368162056,Degraded,2.4442662180293113e-41,5.51761036845373e-28,1.0,1.0,Degraded
B0049,23,29.823493564996426,Degraded,2.330331424058465e-44,1.4341822724591995e-30,1.0,1.0,Degraded
B0049,24,30.212448030214084,Degraded,9.397964060998171e-43,2.879318786900988e-29,1.0,1.0,Degraded
B0049,25,29.06650181443299,Degraded,1.4990971833823382e-45,9.662382188403077e-32,1.0,1.0,Degraded
