battery_id,n_cycles,degree,r_squared,rmse,initial_soh,final_soh,estimated_eol_cycle,cycles_remaining,eol_note
B0005,168,2,0.975694,1.594266,100.0,71.38,168.0,0.0,ESTIMATED: SOH reaches 70.0% at cycle 168 (0 cycles from now). This is a polynomial extrapolation — verify with physical inspection.
B0006,168,2,0.980984,1.702534,100.0,58.25,168.0,0.0,ESTIMATED: SOH reaches 70.0% at cycle 168 (0 cycles from now). This is a polynomial extrapolation — verify with physical inspection.
B0007,168,2,0.978711,1.238126,100.0,75.75,194.0,26.0,ESTIMATED: SOH reaches 70.0% at cycle 194 (26 cycles from now). This is a polynomial extrapolation — verify with physical inspection.
B0018,132,2,0.959316,1.677728,100.0,72.29,,,SOH did not reach 70.0% within 500 extrapolated cycles. Battery may outlast the prediction window.
B0025,28,2,0.881236,0.407969,99.89,95.61,137.0,109.0,ESTIMATED: SOH reaches 70.0% at cycle 137 (109 cycles from now). This is a polynomial extrapolation — verify with physical inspection.
B0026,28,2,0.002485,4.423676,99.82,97.37,,,SOH did not reach 70.0% within 500 extrapolated cycles. Battery may outlast the prediction window.
B0027,28,2,0.562273,0.460419,100.0,97.08,101.0,73.0,ESTIMATED: SOH reaches 70.0% at cycle 101 (73 cycles from now). This is a polynomial extrapolation — verify with physical inspection.
B0028,28,2,0.901081,0.395692,99.99,95.15,96.0,68.0,ESTIMATED: SOH reaches 70.0% at cycle 96 (68 cycles from now). This is a polynomial extrapolation — verify with physical inspection.
B0029,40,2,0.881329,1.181106,92.02,87.39,73.0,33.0,ESTIMATED: SOH reaches 70.0% at cycle 73 (33 cycles from now). This is a polynomial extrapolation — verify with physical inspection.
B0030,40,2,0.882664,1.156974,92.96,87.72,83.0,43.0,ESTIMATED: SOH reaches 70.0% at cycle 83 (43 cycles from now). This is a polynomial extrapolation — verify with physical inspection.
B0031,40,2,0.712396,1.302155,90.93,90.97,83.0,43.0,ESTIMATED: SOH reaches 70.0% at cycle 83 (43 cycles from now). This is a polynomial extrapolation — verify with physical inspection.
B0032,40,2,0.835329,1.451369,90.01,86.37,75.0,35.0,ESTIMATED: SOH reaches 70.0% at cycle 75 (35 cycles from now). This is a polynomial extrapolation — verify with physical inspection.
B0033,197,2,0.130139,14.003557,3.63,69.77,197.0,0.0,ESTIMATED: SOH reaches 70.0% at cycle 197 (0 cycles from now). This is a polynomial extrapolation — verify with physical inspection.
B0034,197,2,0.344166,4.587065,40.98,70.33,226.0,29.0,ESTIMATED: SOH reaches 70.0% at cycle 226 (29 cycles from now). This is a polynomial extrapolation — verify with physical inspection.
B0036,197,2,0.318441,3.272708,41.0,63.79,197.0,0.0,ESTIMATED: SOH reaches 70.0% at cycle 197 (0 cycles from now). This is a polynomial extrapolation — verify with physical inspection.
B0038,47,2,0.797991,8.028406,50.27,85.65,55.0,8.0,ESTIMATED: SOH reaches 70.0% at cycle 55 (8 cycles from now). This is a polynomial extrapolation — verify with physical inspection.
B0039,47,2,0.821053,13.872467,6.72,74.25,49.0,2.0,ESTIMATED: SOH reaches 70.0% at cycle 49 (2 cycles from now). This is a polynomial extrapolation — verify with physical inspection.
B0040,47,2,0.698994,14.588373,38.84,32.12,47.0,0.0,ESTIMATED: SOH reaches 70.0% at cycle 47 (0 cycles from now). This is a polynomial extrapolation — verify with physical inspection.
B0041,67,2,0.682036,20.493105,4.58,68.81,,,SOH did not reach 70.0% within 500 extrapolated cycles. Battery may outlast the prediction window.
B0042,112,2,0.519827,29.608586,99.84,77.24,,,SOH did not reach 70.0% within 500 extrapolated cycles. Battery may outlast the prediction window.
B0043,112,2,0.524056,29.072189,100.0,74.5,,,SOH did not reach 70.0% within 500 extrapolated cycles. Battery may outlast the prediction window.
B0044,112,2,0.533298,28.38579,100.0,74.04,,,SOH did not reach 70.0% within 500 extrapolated cycles. Battery may outlast the prediction window.
B0045,72,2,0.31579,10.907106,100.0,56.1,72.0,0.0,ESTIMATED: SOH reaches 70.0% at cycle 72 (0 cycles from now). This is a polynomial extrapolation — verify with physical inspection.
B0046,72,2,0.237294,14.343074,100.0,66.76,72.0,0.0,ESTIMATED: SOH reaches 70.0% at cycle 72 (0 cycles from now). This is a polynomial extrapolation — verify with physical inspection.
B0047,72,2,0.23329,14.519669,100.0,69.09,72.0,0.0,ESTIMATED: SOH reaches 70.0% at cycle 72 (0 cycles from now). This is a polynomial extrapolation — verify with physical inspection.
B0048,72,2,0.163358,15.286545,100.0,73.77,72.0,0.0,ESTIMATED: SOH reaches 70.0% at cycle 72 (0 cycles from now). This is a polynomial extrapolation — verify with physical inspection.
B0049,25,2,0.409528,12.91627,36.09,29.07,25.0,0.0,ESTIMATED: SOH reaches 70.0% at cycle 25 (0 cycles from now). This is a polynomial extrapolation — verify with physical inspection.
B0050,21,2,0.35917,21.25932,32.69,10.53,21.0,0.0,ESTIMATED: SOH reaches 70.0% at cycle 21 (0 cycles from now). This is a polynomial extrapolation — verify with physical inspection.
B0051,25,2,0.293706,13.619962,27.61,29.08,25.0,0.0,ESTIMATED: SOH reaches 70.0% at cycle 25 (0 cycles from now). This is a polynomial extrapolation — verify with physical inspection.
B0053,56,2,0.158438,11.500885,92.64,0.0,66.0,10.0,ESTIMATED: SOH reaches 70.0% at cycle 66 (10 cycles from now). This is a polynomial extrapolation — verify with physical inspection.
B0054,103,2,0.41443,7.716413,63.43,0.0,103.0,0.0,ESTIMATED: SOH reaches 70.0% at cycle 103 (0 cycles from now). This is a polynomial extrapolation — verify with physical inspection.
B0055,102,2,0.494341,3.76287,60.54,75.06,,,SOH did not reach 70.0% within 500 extrapolated cycles. Battery may outlast the prediction window.
B0056,102,2,0.199082,4.389678,58.41,83.99,,,SOH did not reach 70.0% within 500 extrapolated cycles. Battery may outlast the prediction window.
