feature,n,mean,median,variance,std,min,max,range,q05,q10,q25,q50,q75,q90,q95,iqr,skewness,kurtosis_excess,lower_fence,upper_fence,n_outliers,outlier_pct
voltage_mean,2794,3.404579,3.415143,0.121296,0.348275,0.234723,4.452558,4.217835,3.071446,3.297035,3.366336,3.415143,3.490553,3.565846,3.682033,0.124217,-5.872543,50.613879,3.180009,3.676879,378,13.53
voltage_std,2794,0.299636,0.273142,0.007941,0.089112,0.000396,1.369938,1.369542,0.211447,0.222895,0.241932,0.273142,0.355464,0.404631,0.442198,0.113532,1.890243,13.972027,0.071634,0.525763,54,1.93
current_mean,2794,-1.713299,-1.795087,0.631787,0.79485,-3.976473,0.001803,3.978276,-3.858748,-1.997699,-1.942446,-1.795087,-1.058206,-0.926844,-0.405704,0.88424,-0.950784,2.039773,-3.268805,0.268154,206,7.37
current_std,2794,0.759674,0.570815,0.402737,0.634616,0.000852,2.103069,2.102216,0.11377,0.16443,0.224356,0.570815,0.955477,2.0015,2.007475,0.731122,1.044324,-0.260249,-0.872327,2.05216,14,0.5
temperature_mean,2794,26.77176,31.285529,194.89956,13.960643,4.857764,58.954811,54.097047,7.607567,8.142765,11.414776,31.285529,34.151829,40.840214,52.829941,22.737053,-0.009201,-1.038227,-22.690803,68.257408,0,0.0
temperature_std,2794,3.822451,3.503009,5.139581,2.267064,0.074881,11.12103,11.04615,0.791572,1.22158,2.174228,3.503009,4.433743,7.920399,8.726213,2.259515,0.944638,0.37009,-1.215045,7.823016,310,11.1
capacity,2769,1.326543,1.428065,0.223272,0.472517,0.0,2.640149,2.640149,0.070549,0.704494,1.150286,1.428065,1.673645,1.78438,1.816524,0.523359,-1.34864,1.427894,0.365247,2.458684,214,7.73
soh,2769,74.96897,79.406478,594.224586,24.376722,0.0,100.0,100.0,4.188223,43.22828,71.121475,79.406478,90.735277,97.889877,99.406282,19.613802,-1.851561,2.982842,41.700773,120.155979,273,9.86
Re_Ohm,2718,0.082624,0.078244,0.000598,0.024462,0.027645,0.156443,0.128798,0.047602,0.052813,0.063817,0.078244,0.101454,0.121214,0.126078,0.037636,0.299287,-0.313777,0.007363,0.157908,0,0.0
Rct_Ohm,2718,0.137473,0.128195,0.002458,0.049578,0.039543,0.252368,0.212826,0.07008,0.076403,0.095075,0.128195,0.176942,0.209457,0.217869,0.081867,0.186646,-0.976464,-0.027726,0.299743,0,0.0
cycle_number,2794,60.377595,47.0,2330.248707,48.27265,1.0,197.0,196.0,5.0,9.0,21.0,47.0,91.0,136.0,160.0,70.0,0.878127,-0.109819,-84.0,196.0,3,0.11
discharge_duration,2794,3218.719931,3030.125,1929579.530954,1389.093061,23.0,6574.671,6551.671,1021.079,1582.5949,2504.0585,3030.125,3385.5235,5406.812,6398.907,881.465,0.68588,0.41983,1181.861,4707.721,653,23.37
voltage_range,2794,1.8489,1.804033,0.126788,0.356073,0.001614,4.186368,4.184754,1.480448,1.49389,1.561302,1.804033,2.109279,2.248816,2.330696,0.547977,-0.747213,6.453882,0.739337,2.931244,40,1.43
current_range,2794,2.441019,2.015293,1.26285,1.123766,0.004295,4.060183,4.055889,1.001263,1.009299,1.994256,2.015293,3.995084,4.031734,4.033058,2.000828,0.384684,-1.145158,-1.006986,6.996326,0,0.0
temperature_range,2794,14.993474,14.276689,67.096561,8.191249,0.244526,37.318391,37.073865,3.632037,5.16882,9.297434,14.276689,17.160798,30.02284,32.858626,7.863364,0.814946,0.173172,-2.497612,28.955844,339,12.13
